Date,Closing_Price,Highest_Price_Of_the_Day,Lowest_Price_Of_The_Day,Opening_Price_Of_The_Day,Volume_Sold
17-03-2014,4.711997032,4.850168155,4.42502564,4.42502564,68200
18-03-2014,5.048568249,5.278853683,4.694282758,4.7119971,135600
19-03-2014,4.959996223,5.101710266,4.906853542,5.013138905,25600
20-03-2014,4.959996223,4.959996223,4.889493293,4.959996223,8200
21-03-2014,4.690740108,4.924568493,4.605711667,4.924568493,10600
24-03-2014,4.400225639,4.62342553,4.269140054,4.62342553,57400
25-03-2014,4.761595249,4.761595249,4.322281469,4.463995821,8200
26-03-2014,4.417940617,4.747425927,4.339997706,4.463997776,25200
27-03-2014,4.651769161,4.676569041,4.446283576,4.446283576,50600
28-03-2014,4.605711937,4.605711937,4.601460481,4.601460481,4200
31-03-2014,4.648225784,4.743883033,4.623425907,4.743883033,43200
01-04-2014,4.634053707,4.676567921,4.625196706,4.676567921,14600
02-04-2014,4.60925436,4.641140109,4.534854393,4.641140109,9800
03-04-2014,4.563197613,4.637597587,4.538397734,4.637597587,9400
04-04-2014,4.435655117,4.584454733,4.428569244,4.584454733,20800
07-04-2014,4.428568363,4.432111299,4.251425629,4.428568363,22600
08-04-2014,4.304569244,4.428569321,4.254969484,4.425026384,17000
09-04-2014,4.251424789,4.304567464,4.212453517,4.292876049,8000
10-04-2014,4.254969597,4.262055132,4.163563791,4.21599797,70600
11-04-2014,4.24079752,4.24079752,4.218831721,4.218831721,13600
14-04-2014,4.230169296,4.230169296,4.127426501,4.162855191,15200
15-04-2014,4.152226448,4.198283607,4.127426232,4.127426232,18800
16-04-2014,4.215996742,4.233711082,4.177025464,4.1805684,15400
17-04-2014,4.251424789,4.25851066,4.230167517,4.233710452,79200
21-04-2014,4.145140648,4.254969311,4.127426304,4.254969311,8600
22-04-2014,4.169941902,4.244341558,4.156479011,4.15931309,10800
23-04-2014,4.162855148,4.215997845,3.716455281,4.138055268,33800
24-04-2014,3.989254951,4.10971208,3.971895037,4.10971208,8000
25-04-2014,4.166396141,4.240796084,4.017596255,4.017596255,7200
28-04-2014,4.180569172,4.247883272,4.177026236,4.240797737,23800
29-04-2014,4.194741249,4.24788395,4.148684084,4.148684084,12400
30-04-2014,4.102626801,4.127426682,4.095541265,4.127426682,1200
01-05-2014,4.130969048,4.143368987,4.130969048,4.143368987,1400
02-05-2014,4.152226448,4.233711957,4.152226448,4.233711957,2200
05-05-2014,4.162855148,4.23371219,4.060112354,4.177026557,22400
06-05-2014,4.0742836,4.15576911,4.0742836,4.15576911,1400
07-05-2014,4.173482895,4.180568767,4.042397307,4.152225955,6000
08-05-2014,4.180569172,4.180569172,4.180569172,4.180569172,16800
09-05-2014,4.08491087,4.155767887,4.08491087,4.148682354,4000
12-05-2014,4.180569172,4.187654707,4.146203433,4.152226358,11800
13-05-2014,4.109712124,4.113254722,4.03885475,4.077826373,12200
14-05-2014,4.092351913,4.177026266,4.003426443,4.003426443,9600
15-05-2014,4.0742836,4.0742836,4.053026319,4.053026319,2200
16-05-2014,4.0707407,4.0707407,4.028226476,4.028226476,1200
19-05-2014,4.003425598,4.021139938,3.978625387,4.003425598,28200
20-05-2014,4.056569576,4.056569576,3.967998187,3.967998187,8400
21-05-2014,4.053027153,4.05657009,4.035313143,4.05657009,2800
22-05-2014,4.053027153,4.053027153,3.913084515,4.045941617,4400
23-05-2014,4.053027153,4.053027153,4.053027153,4.053027153,0
27-05-2014,3.911311626,3.936111502,3.904226093,3.904226093,6200
28-05-2014,4.031770229,4.031770229,3.900684596,3.900684596,400
29-05-2014,4.031770229,4.038855766,3.900684596,3.900684596,13000
30-05-2014,3.967998028,4.03531247,3.914855331,3.918398268,4200
02-06-2014,3.897140741,3.967997778,3.897140741,3.967997778,16200
03-06-2014,3.904226542,3.936111954,3.897140669,3.897140669,32600
04-06-2014,3.925483942,3.967998168,3.897141125,3.897141125,23600
05-06-2014,4.024682999,4.074283088,3.918397623,3.921940221,71200
06-06-2014,4.035312653,4.038855251,3.921941044,4.003426898,9400
09-06-2014,4.053027153,4.067198564,4.038855742,4.049484554,12200
10-06-2014,4.063655376,4.063655376,3.978626587,4.053026567,34400
11-06-2014,4.014054775,4.028226182,3.939654805,4.010511839,25800
12-06-2014,4.0742836,4.104397883,4.006969498,4.031769377,91600
13-06-2014,4.0707407,4.095540917,3.960912374,4.081369509,33000
16-06-2014,4.24788332,4.251426256,4.017597866,4.017597866,88200
17-06-2014,4.106169224,4.247883296,3.914855057,4.247883296,101200
18-06-2014,4.244339943,4.251425815,4.060111667,4.223083003,64000
19-06-2014,4.24788332,4.24788332,4.074283495,4.205369098,72000
20-06-2014,3.851083517,4.24079772,3.723540853,4.038854746,256600
23-06-2014,4.067196846,4.109711398,3.89713999,4.017597099,50600
24-06-2014,3.950283527,4.074283598,3.93611212,4.067197725,47600
25-06-2014,3.985711813,4.045940374,3.985711813,4.024683096,21000
26-06-2014,4.035312653,4.056569597,3.900684099,4.006969835,17200
27-06-2014,3.939654827,4.049483484,3.939654827,3.992797856,34600
30-06-2014,3.953826189,4.045940502,3.900683498,4.045940502,21000
01-07-2014,4.042397499,4.049483371,3.907768969,3.907768969,25200
02-07-2014,4.145140648,4.226626496,3.99244367,4.04948373,124200
03-07-2014,4.138054848,4.180569068,4.077826284,4.180569068,3200
07-07-2014,4.262053967,4.265596902,4.162854133,4.162854133,450200
08-07-2014,4.205368996,4.254969089,4.166397711,4.254969089,35600
09-07-2014,4.251424789,4.265596192,4.19473918,4.265596192,120600
10-07-2014,4.24788332,4.265597663,4.214226439,4.265597663,50800
11-07-2014,4.262053967,4.262053967,4.223082688,4.262053967,9800
14-07-2014,4.262053967,4.265596902,4.194739878,4.265596902,56000
15-07-2014,4.24079752,4.265597397,4.219540241,4.265597397,42800
16-07-2014,4.233712196,4.265597949,4.233712196,4.259929454,36800
17-07-2014,4.233712196,4.265597949,4.233712196,4.254969478,47200
18-07-2014,4.265597343,4.265597343,4.251425937,4.262054407,21000
21-07-2014,4.233712196,4.262055013,4.14514081,4.215997852,9000
22-07-2014,4.166396141,4.265595953,4.138053338,4.201824476,20600
23-07-2014,4.152226448,4.226626422,4.120340697,4.120340697,16200
24-07-2014,4.145140648,4.251426375,4.13096924,4.13096924,14000
25-07-2014,4.162855148,4.194740901,4.091998107,4.091998107,17400
28-07-2014,4.198283195,4.251425884,4.162854511,4.162854511,19600
29-07-2014,4.244339943,4.244339943,4.169940316,4.244339943,3000
30-07-2014,4.187654018,4.24079704,4.127425463,4.145139804,12600
31-07-2014,4.192970276,4.201827281,4.145141637,4.152227511,3800
01-08-2014,4.088453293,4.180567573,4.081367761,4.180567573,8000
04-08-2014,4.173482895,4.180568767,4.08845446,4.08845446,8600
05-08-2014,4.145140648,4.167814968,4.138055113,4.142306569,11200
06-08-2014,4.169941902,4.169941902,4.084913097,4.084913097,18600
07-08-2014,4.159312248,4.162855185,4.088455206,4.109712488,9600
08-08-2014,4.180569172,4.180569172,4.11750619,4.148683421,7400
11-08-2014,4.180569172,4.194740579,4.141951978,4.177026236,7000
12-08-2014,4.159312248,4.184112466,4.130969431,4.18056953,19200
13-08-2014,4.180569172,4.184112108,4.109712136,4.148683421,7000
14-08-2014,4.162855148,4.162855148,4.138055268,4.152226677,3400
15-08-2014,4.162855148,4.162855148,4.116797987,4.155769275,7800
18-08-2014,4.162855148,4.180569493,4.07818079,4.081369635,6600
19-08-2014,4.159312248,4.18056953,4.116798023,4.123883896,9800
20-08-2014,4.155768871,4.155768871,4.150808896,4.155768871,1000
21-08-2014,4.123882771,4.16993992,4.099082559,4.099082559,11200
22-08-2014,4.155768871,4.177026151,4.111483183,4.177026151,8800
25-08-2014,4.180569172,4.180569172,4.145140485,4.145140485,8800
26-08-2014,4.152226448,4.162854919,4.095540818,4.162854919,6600
27-08-2014,4.08491087,4.155767887,4.014053852,4.099082273,30000
28-08-2014,4.113255024,4.113255024,4.113255024,4.113255024,1400
29-08-2014,4.138054848,4.138054848,4.074283348,4.134511912,5000
02-09-2014,4.102626801,4.141598091,4.028226819,4.109712674,8000
03-09-2014,4.0742836,4.102626415,4.038854912,4.102626415,21600
04-09-2014,3.967998028,4.159312208,3.939655211,4.021141062,71800
05-09-2014,4.031770229,4.109713157,3.953827302,3.953827302,92200
08-09-2014,4.053027153,4.053027153,3.960913153,3.960913153,17000
09-09-2014,4.0707407,4.130260748,3.999883661,3.999883661,23000
10-09-2014,4.127425194,4.180568212,4.017596898,4.021139833,56000
11-09-2014,4.056569576,4.106169676,4.017598286,4.017598286,33400
12-09-2014,4.038855076,4.109712455,3.989255316,3.992798252,7800
15-09-2014,4.013347149,4.056569899,3.999884259,4.017598606,7000
16-09-2014,4.038146496,4.038146496,3.989255256,4.006969601,9400
17-09-2014,4.049484253,4.180569876,4.035312843,4.045941316,5800
18-09-2014,4.077826023,4.141597181,4.060111681,4.141597181,18000
19-09-2014,4.102626801,4.145141028,4.038855291,4.084912455,18200
22-09-2014,4.077826023,4.081368959,4.042397339,4.081368959,2400
23-09-2014,4.155768871,4.159311807,4.152226273,4.159311807,14000
24-09-2014,4.155768871,4.155768871,4.13451193,4.13451193,9600
25-09-2014,4.148683548,4.148683548,4.11325486,4.114672237,2600
26-09-2014,4.148683548,4.148683548,4.116797796,4.148683548,2400
29-09-2014,4.049484253,4.113255427,4.038855442,4.113255427,51400
30-09-2014,4.028225422,4.088453974,4.025036915,4.088453974,17200
01-10-2014,3.716454506,4.106168659,3.613711733,3.911311582,94600
02-10-2014,3.82274127,3.826284207,3.564112967,3.702284123,105000
03-10-2014,3.897140741,3.964454842,3.785540951,3.790855017,70600
06-10-2014,3.950283527,3.959849388,3.663312437,3.812112387,45800
07-10-2014,3.843997717,3.843997717,3.762511878,3.762511878,21400
08-10-2014,3.851083517,4.166397748,3.808569296,3.815655168,24600
09-10-2014,3.776683331,3.861711768,3.75542639,3.75542639,10200
10-10-2014,3.805026054,3.805026054,3.783769114,3.787311712,3800
13-10-2014,3.744797707,3.808569206,3.744797707,3.808569206,4600
14-10-2014,3.719998598,3.790855647,3.719998598,3.790855647,14200
15-10-2014,3.723541021,3.755426773,3.716455149,3.716455149,22400
16-10-2014,3.897140741,3.897140741,3.712912108,3.712912108,4000
17-10-2014,3.897140741,3.900683678,3.826283705,3.843998048,24600
20-10-2014,3.737713099,3.80857015,3.737713099,3.80857015,9400
21-10-2014,3.858169079,3.964454455,3.769597707,3.861711677,28600
22-10-2014,3.893596888,3.893596888,3.723540039,3.757196913,10600
23-10-2014,3.794396639,3.897139391,3.776682301,3.836910846,5000
24-10-2014,3.826282263,3.897139273,3.691653775,3.691653775,20600
27-10-2014,3.826282263,3.826282263,3.826282263,3.826282263,0
28-10-2014,3.656225681,3.656225681,3.656225681,3.656225681,400
29-10-2014,3.695197105,3.719996977,3.663311363,3.663311363,14400
30-10-2014,3.751883745,3.762512216,3.70228365,3.70228365,16200
31-10-2014,3.748340607,3.755426479,3.737712136,3.737712136,12000
03-11-2014,3.684569597,3.730626759,3.684569597,3.730626759,12800
04-11-2014,3.705118895,3.716455888,3.595998729,3.595998729,4600
05-11-2014,3.65268302,3.734168508,3.65268302,3.734168508,10600
06-11-2014,3.684569597,3.684569597,3.649141245,3.684569597,14800
07-11-2014,3.649139881,3.681025623,3.631425543,3.681025623,10000
10-11-2014,3.712911844,3.730626187,3.712911844,3.730626187,3600
11-11-2014,3.716454506,3.723540378,3.716454506,3.723540378,1000
12-11-2014,3.59599781,3.666855183,3.59599781,3.666855183,122400
13-11-2014,3.620797873,3.645597749,3.599540594,3.634969279,25200
14-11-2014,3.727083921,3.727083921,3.613712323,3.620798195,1000
17-11-2014,3.558797359,3.613711509,3.553482956,3.613711509,101000
18-11-2014,3.503883362,3.712911502,3.486169021,3.546397577,52400
19-11-2014,3.482626677,3.503883957,3.401141168,3.486878133,39800
20-11-2014,3.542854309,3.542854309,3.443654483,3.450740016,76600
21-11-2014,3.500340462,3.542854677,3.471997651,3.542854677,26200
24-11-2014,3.404683113,3.532226094,3.330283154,3.532226094,56400
25-11-2014,3.489712954,3.503884363,3.301941361,3.404684161,96000
26-11-2014,3.386969328,3.422397673,3.365712051,3.422397673,25600
28-11-2014,3.365711689,3.369254624,3.365711689,3.365711689,7400
01-12-2014,3.528683662,3.539312133,3.365712316,3.365712316,32200
02-12-2014,3.574740887,3.727083766,3.542855136,3.542855136,21600
03-12-2014,3.542854309,3.553482777,3.539311374,3.542854309,6200
04-12-2014,3.542854309,3.542854309,3.454282951,3.528682905,8200
05-12-2014,3.489712954,3.539312716,3.471998608,3.493255552,22800
08-12-2014,3.369256496,3.475542255,3.365713559,3.475542255,5200
09-12-2014,3.390512228,3.542855106,3.326741066,3.369255287,32800
10-12-2014,3.344454765,3.413540663,3.33028336,3.383426384,87000
11-12-2014,3.365711689,3.484042897,3.33028301,3.344454414,68400
12-12-2014,3.493254185,3.542854266,3.312568874,3.312568874,43200
15-12-2014,3.475540876,3.542854972,3.447197726,3.528683566,4400
16-12-2014,3.362168312,3.539311009,3.333825508,3.457825531,36800
17-12-2014,3.528683662,3.528683662,3.4046836,3.418855007,28400
18-12-2014,3.457825422,3.528682431,3.436568151,3.500339628,15400
19-12-2014,3.535767794,3.535767794,3.413539586,3.518053796,20800
22-12-2014,3.514513016,3.542855835,3.42594162,3.542855835,4800
23-12-2014,3.443655252,3.535769228,3.422397973,3.535769228,2600
24-12-2014,3.433026552,3.539312276,3.425941017,3.482272556,60000
26-12-2014,3.390512228,3.535769233,3.390512228,3.454283728,61200
29-12-2014,3.436569214,3.454283556,3.418854872,3.418854872,2000
30-12-2014,3.443655252,3.53222663,3.418855037,3.418855037,8400
31-12-2014,3.532225847,3.532225847,3.431963073,3.431963073,16800
02-01-2015,3.532225847,3.542854316,3.475540232,3.475540232,4200
05-01-2015,3.532225847,3.532225847,3.422397215,3.482625765,20400
06-01-2015,3.404683113,3.521597287,3.394054644,3.521597287,13200
07-01-2015,3.525140047,3.532225918,3.404682944,3.404682944,11400
08-01-2015,3.450740576,3.471997854,3.450740576,3.471997854,2000
09-01-2015,3.440112829,3.450741301,3.440112829,3.440112829,1400
12-01-2015,3.471998453,3.471998453,3.471998453,3.471998453,200
13-01-2015,3.486169577,3.528683799,3.404683731,3.48262664,13600
14-01-2015,3.500340462,3.518054803,3.489711992,3.510968931,4000
15-01-2015,3.408226252,3.535768902,3.408226252,3.525140432,33200
16-01-2015,3.433026552,3.454283832,3.408226674,3.408226674,18800
20-01-2015,3.459597588,3.471997524,3.440111779,3.454283184,20200
21-01-2015,3.5074265,3.521597908,3.46136968,3.486169558,69200
22-01-2015,3.482626677,3.507426555,3.454283862,3.507426555,19600
23-01-2015,3.482626677,3.527266796,3.47908374,3.525140899,8400
26-01-2015,3.574740887,3.627883579,3.479083636,3.479083636,127200
27-01-2015,3.613711834,3.62788324,3.542854805,3.542854805,49800
28-01-2015,3.620797873,3.627883407,3.560569311,3.560569311,33000
29-01-2015,3.649139881,3.649139881,3.613711204,3.613711204,14200
30-01-2015,3.702284098,3.702284098,3.624341179,3.624341179,10600
02-02-2015,3.681026936,3.705826816,3.666855527,3.670398126,10200
03-02-2015,3.631781101,3.684569367,3.626112268,3.677483832,10800
04-02-2015,3.623632669,3.649141409,3.613712717,3.613712717,10200
05-02-2015,3.805026054,3.843997674,3.642054717,3.642054717,54800
06-02-2015,3.801484585,3.826284808,3.787313173,3.826284808,19600
09-02-2015,3.797941208,3.861712377,3.769598391,3.861712377,5600
10-02-2015,3.642055511,3.897141213,3.638512913,3.843998513,34600
11-02-2015,3.560570478,3.794398929,3.546399067,3.794398929,65000
12-02-2015,3.59599781,3.642054967,3.578283805,3.578283805,7800
13-02-2015,3.642055511,3.642055511,3.571198466,3.571198466,6600
17-02-2015,3.56411171,3.659768604,3.560568774,3.592454518,48400
18-02-2015,3.548877001,3.60662556,3.542854079,3.549939949,28200
19-02-2015,3.525140047,3.578283066,3.525140047,3.525140047,37200
20-02-2015,3.592454433,3.592454433,3.489711671,3.525140012,10800
23-02-2015,3.5074265,3.52868378,3.5074265,3.525140844,30400
24-02-2015,3.527976036,3.527976036,3.525141619,3.525141619,5800
25-02-2015,3.535767794,3.561276518,3.486168059,3.532225197,86400
26-02-2015,3.585370302,3.686696075,3.535770196,3.539313133,11000
27-02-2015,3.642055511,3.642055511,3.581826938,3.606627158,28200
02-03-2015,3.790855885,3.808570232,3.613713083,3.663313189,51600
03-03-2015,3.716454506,3.790854468,3.705826036,3.790854468,17000
04-03-2015,3.698741436,3.71999872,3.695198837,3.71999872,13000
05-03-2015,3.631425858,3.70228288,3.624339986,3.695197347,11200
06-03-2015,3.567653894,3.65976818,3.546396959,3.63496831,12200
09-03-2015,3.588911533,3.592454469,3.564111661,3.564111661,20600
10-03-2015,3.624516249,3.642318119,3.574670128,3.596032848,13000
11-03-2015,3.624516249,3.649439139,3.603153529,3.649439139,4800
12-03-2015,3.596033812,3.620956709,3.581792108,3.585352279,57600
13-03-2015,3.631638527,3.81678105,3.588913408,3.603155114,127000
16-03-2015,3.596033812,3.631637902,3.560429382,3.624517219,19600
17-03-2015,3.596033812,3.649440116,3.560429382,3.560429382,16600
18-03-2015,3.596033812,3.649440116,3.574671086,3.585352279,38200
19-03-2015,3.596033812,3.617396198,3.581792108,3.617396198,5800
20-03-2015,3.702846289,3.70996731,3.613835557,3.613835557,67200
23-03-2015,3.649440765,3.677924178,3.620957352,3.649440765,20000
24-03-2015,3.649440765,3.649440765,3.649440765,3.649440765,0
25-03-2015,3.734889269,3.738449779,3.665461024,3.734889269,76600
26-03-2015,3.663680315,3.788295428,3.617394711,3.788295428,19000
27-03-2015,3.656560898,3.688604475,3.649439877,3.688604475,22000
30-03-2015,3.745570898,3.745570898,3.677922567,3.677922567,2800
31-03-2015,3.774054766,3.774054766,3.66012081,3.66012081,11000
01-04-2015,3.645878792,3.855944133,3.631637091,3.777614609,36200
02-04-2015,3.588911533,3.666884861,3.588911533,3.666884861,7400
06-04-2015,3.617395401,3.663681014,3.61027472,3.61027472,12800
07-04-2015,3.610274792,3.613834962,3.596033091,3.596033091,1400
08-04-2015,3.645878792,3.645878792,3.578230798,3.578230798,2800
09-04-2015,3.631638527,3.631638527,3.631638527,3.631638527,9000
10-04-2015,3.624516249,3.624516249,3.624516249,3.624516249,800
13-04-2015,3.656560898,3.656560898,3.620956471,3.631637663,25000
14-04-2015,3.649440765,3.649440765,3.628078036,3.63875957,19400
15-04-2015,3.677922726,3.734889529,3.610274732,3.628076603,42000
16-04-2015,3.699287653,3.703204013,3.578232954,3.585353639,25200
17-04-2015,3.688604116,3.702845818,3.645879012,3.702845818,10600
20-04-2015,3.68148303,3.688603711,3.65656014,3.65656014,5400
21-04-2015,3.770494223,3.791856606,3.670802309,3.670802309,20000
22-04-2015,3.770494223,3.806098308,3.709966905,3.709966905,11600
23-04-2015,3.841702461,3.85380806,3.774054467,3.788296168,36400
24-04-2015,3.827460051,3.855943447,3.827460051,3.855943447,4200
27-04-2015,3.76693368,3.76693368,3.76693368,3.76693368,2000
28-04-2015,3.677922726,3.738450039,3.667241535,3.738450039,1800
29-04-2015,3.677922726,3.677922726,3.677922726,3.677922726,0
30-04-2015,3.76693368,3.863065421,3.667241767,3.777614871,22600
01-05-2015,3.734889269,3.742010289,3.7252763,3.738449779,3800
04-05-2015,3.809658051,3.809658051,3.734889046,3.738093369,11400
05-05-2015,3.76693368,3.819272095,3.667241767,3.816779805,28600
06-05-2015,3.7882967,3.7882967,3.667242055,3.713527675,33200
07-05-2015,3.8773067,4.090932203,3.791856159,3.791856159,63600
08-05-2015,3.848823547,3.887988141,3.845263037,3.863065248,30000
11-05-2015,3.848823547,3.866625419,3.798977424,3.798977424,18400
12-05-2015,3.866708517,3.866708517,3.866708517,3.866708517,0
13-05-2015,3.909631014,3.966862519,3.870284098,3.870284098,48200
14-05-2015,3.916785955,3.966863708,3.884593139,3.963286652,19400
15-05-2015,3.916785955,3.963286652,3.861342961,3.963286652,55400
18-05-2015,3.916785955,3.945401716,3.902478075,3.902478075,6000
19-05-2015,3.830938816,3.945401864,3.818061621,3.873862459,12000
20-05-2015,3.920363665,3.934671548,3.827362255,3.827362255,7800
21-05-2015,3.830938816,3.920363158,3.827361761,3.891747396,4800
22-05-2015,3.916785955,3.923940066,3.916785955,3.923940066,400
26-05-2015,3.916785955,3.916785955,3.916785955,3.916785955,0
27-05-2015,3.881015062,3.931092456,3.881015062,3.931092456,2800
28-05-2015,3.845245838,3.920362282,3.845245838,3.845245838,11400
29-05-2015,3.845245838,3.845245838,3.845245838,3.845245838,0
01-06-2015,3.848823547,3.848823547,3.848823547,3.848823547,600
02-06-2015,3.745090485,3.909631241,3.723628498,3.909631241,5200
03-06-2015,3.855978489,3.923941197,3.730784584,3.730784584,4400
04-06-2015,3.827719927,3.827719927,3.748668562,3.748668562,1600
05-06-2015,3.845245838,3.845245838,3.759398571,3.766552339,5600
08-06-2015,3.827361107,3.827361107,3.827361107,3.827361107,4400
09-06-2015,3.827361107,3.827361107,3.748667604,3.823784052,2000
10-06-2015,3.802321672,3.80947544,3.730782293,3.777282975,3400
11-06-2015,3.752244711,3.841669039,3.752244711,3.805899512,9800
12-06-2015,3.752244711,3.752244711,3.752244711,3.752244711,0
15-06-2015,3.773706675,3.841669013,3.748667631,3.748667631,19000
16-06-2015,3.723987818,3.782650035,3.72005292,3.723629976,5400
17-06-2015,3.820207357,3.923939563,3.67712823,3.67712823,29400
18-06-2015,3.798746824,3.841670477,3.698591635,3.702168692,4800
19-06-2015,3.845245838,3.93467016,3.827360906,3.931093105,18800
22-06-2015,3.809477568,3.845247448,3.7808618,3.845247448,8000
23-06-2015,3.809477568,3.809477568,3.809477568,3.809477568,0
24-06-2015,3.755822182,3.791592053,3.755822182,3.777284173,7000
25-06-2015,3.788015366,3.970441114,3.759399602,3.770130428,13600
26-06-2015,3.809477568,3.855978275,3.788015912,3.788015912,13600
29-06-2015,3.773706675,3.798745377,3.762975851,3.791591608,11200
30-06-2015,3.745090485,3.823783638,3.737936376,3.755821307,5000
01-07-2015,3.805899858,3.823784453,3.680705652,3.823784453,1600
02-07-2015,3.809477568,3.809477568,3.791592969,3.805900853,31800
06-07-2015,3.773706675,3.784437498,3.77012962,3.773706675,11800
07-07-2015,3.687859535,3.773706811,3.68428248,3.752244821,6400
08-07-2015,3.734360218,3.816630787,3.680705752,3.680705752,30800
09-07-2015,3.734360218,3.755822209,3.702167743,3.755822209,9800
10-07-2015,3.755822182,3.755822182,3.741514301,3.741514301,2200
13-07-2015,3.720053434,3.720053434,3.669976008,3.669976008,5200
14-07-2015,3.751887798,3.752245299,3.680705894,3.68428295,11400
15-07-2015,3.752244711,3.752244711,3.730783063,3.730783063,3000
16-07-2015,3.687859535,3.770129755,3.68428248,3.748667766,9800
17-07-2015,3.755822182,3.755822182,3.755822182,3.755822182,3600
20-07-2015,3.805899858,3.809476573,3.677128596,3.755822108,10000
21-07-2015,3.830938816,3.830938816,3.737937419,3.737937419,14200
22-07-2015,3.755822182,3.8595544,3.741514301,3.752245126,15000
23-07-2015,3.748667479,3.755821588,3.748667479,3.755821588,2400
24-07-2015,3.882089615,3.882089615,3.673552315,3.698591022,39400
27-07-2015,3.788015366,3.827361955,3.788015366,3.802323247,7000
28-07-2015,3.77013135,3.795170063,3.77013135,3.791593348,6800
29-07-2015,3.741513968,3.766552671,3.741513968,3.762975957,22800
30-07-2015,3.780861378,3.786584804,3.737937731,3.737937731,800
31-07-2015,3.755822182,3.791592053,3.737937246,3.755822182,21200
03-08-2015,3.755822182,3.827361584,3.755822182,3.809476648,11400
04-08-2015,3.759398937,3.809476344,3.755821882,3.755821882,8200
05-08-2015,3.827361107,3.844172856,3.791591581,3.813053228,12200
06-08-2015,3.777285099,3.791592983,3.752246046,3.762977215,39000
07-08-2015,3.73972559,3.809476461,3.720052127,3.759399052,53800
10-08-2015,3.801250219,3.802323404,3.801250219,3.802323404,4800
11-08-2015,3.773706675,3.773706675,3.752244686,3.755821741,5800
12-08-2015,3.766552925,3.791591971,3.72005223,3.730783395,4200
13-08-2015,3.759398937,3.773706816,3.737936948,3.737936948,8400
14-08-2015,3.759398937,3.791591751,3.755821882,3.788014696,7600
17-08-2015,3.745090485,3.755821307,3.684281922,3.684281922,10400
18-08-2015,3.816631794,3.83809345,3.634206014,3.741515316,54000
19-08-2015,3.741513968,3.818418946,3.737936912,3.818418946,6200
20-08-2015,3.795169115,3.795169115,3.784438289,3.784438289,3800
21-08-2015,3.788015366,3.845246893,3.755822546,3.845246893,12000
24-08-2015,3.766552925,3.830938556,3.766552925,3.830938556,10000
25-08-2015,3.709321976,3.809477152,3.709321976,3.809477152,4400
26-08-2015,3.702167749,3.752245161,3.687859869,3.752245161,4200
27-08-2015,3.702167749,3.702167749,3.702167749,3.702167749,0
28-08-2015,3.67712903,3.734360557,3.576973858,3.576973858,3600
31-08-2015,3.773706675,3.773706675,3.695013171,3.695013171,21000
01-09-2015,3.755822182,3.791592053,3.695013605,3.791592053,9400
02-09-2015,3.755822182,3.762976292,3.723629366,3.730783476,4800
03-09-2015,3.755822182,3.755822182,3.68428278,3.68428278,5800
04-09-2015,3.805899858,3.805899858,3.755822108,3.755822108,25400
08-09-2015,3.891747952,3.974018194,3.773707831,3.798746541,137400
09-09-2015,3.873862505,3.948978967,3.863131679,3.902478267,48600
10-09-2015,3.802321672,3.873861052,3.759398045,3.855976122,73000
11-09-2015,3.859554529,3.920363108,3.687859959,3.780861014,78000
14-09-2015,4.006209373,4.024094305,3.881015533,3.884592247,45200
15-09-2015,4.023379803,4.024095146,3.981171505,3.981171505,29600
16-09-2015,4.077749252,4.11351912,4.024094792,4.024094792,28000
17-09-2015,4.113518715,4.113518715,4.07774885,4.10994166,26600
18-09-2015,4.052710056,4.238712801,4.049133002,4.149288483,100800
21-09-2015,4.192213058,4.217251764,4.041980143,4.041980143,35000
22-09-2015,4.123959541,4.163475054,4.095221174,4.131144305,18000
23-09-2015,4.091628551,4.109589772,4.037743863,4.102405352,22800
24-09-2015,4.195804596,4.238912135,4.131143116,4.138327877,54600
25-09-2015,4.228136539,4.27483613,4.220951776,4.238913342,28000
28-09-2015,4.228136539,4.238913342,4.04852157,4.188621027,33000
29-09-2015,4.077258587,4.210173579,4.077258587,4.210173579,4800
30-09-2015,4.15269804,4.15988246,3.998229064,4.113182529,25600
01-10-2015,4.113181114,4.120365875,4.105996696,4.120365875,1800
02-10-2015,4.185028076,4.238912765,4.091628565,4.095220604,18600
05-10-2015,4.253281116,4.274834714,4.210173579,4.210173579,56600
06-10-2015,4.404158115,4.517674744,4.220950807,4.228135568,62800
07-10-2015,4.540666103,4.69154269,4.368235572,4.404158699,70000
08-10-2015,4.669989109,4.766981355,4.479597341,4.479597341,38800
09-10-2015,4.669989109,4.846011693,4.580181626,4.723873462,11400
12-10-2015,4.849603176,4.860379976,4.60173472,4.666395863,5200
13-10-2015,4.759795666,4.849603131,4.3179431,4.849603131,23600
14-10-2015,4.727465153,4.759795897,4.555034975,4.756203516,6000
15-10-2015,4.70591259,4.723873814,4.6161051,4.723873814,16600
16-10-2015,4.799310684,4.867564548,4.669988061,4.669988061,27000
19-10-2015,4.914265156,4.914265156,4.634065586,4.824457681,47400
20-10-2015,5.011257648,5.205241804,4.817273492,4.817273492,22400
21-10-2015,5.136987686,5.208833598,4.960965116,4.960965116,27800
22-10-2015,4.957373142,5.133395727,4.925042393,5.10465736,21800
23-10-2015,5.115433693,5.115433693,4.993295472,4.993295472,8000
26-10-2015,5.104657173,5.108249555,4.939770772,5.054364861,10600
27-10-2015,5.039996624,5.07591976,4.978927499,5.022035056,10800
28-10-2015,5.022034645,5.064783166,4.960965867,4.993296276,13800
29-10-2015,4.964556694,5.02921818,4.921449151,5.02921818,11800
30-10-2015,5.208834171,5.208834171,4.921450148,4.943004096,19600
02-11-2015,5.154948711,5.205240673,5.154948711,5.154948711,9600
03-11-2015,5.201648712,5.208833474,5.158541166,5.201648712,4800
04-11-2015,5.295048237,5.298640618,5.194463969,5.194463969,11600
05-11-2015,5.295048237,5.323068192,5.237571512,5.295048237,9000
06-11-2015,5.158540726,5.320194439,5.154948687,5.298640496,4200
09-11-2015,5.298641205,5.388448683,5.226795291,5.388448683,8200
10-11-2015,5.195911884,5.316663232,5.154460016,5.316663232,33400
11-11-2015,5.576189041,6.127680159,5.29864101,5.29864101,66400
12-11-2015,5.725775719,5.857340515,5.576188267,5.576188267,76600
13-11-2015,5.558166504,6.109657978,5.532934989,5.785250824,48400
16-11-2015,5.702346802,5.760019029,5.597815804,5.760019029,27200
17-11-2015,5.637465954,5.767228471,5.529330351,5.70234704,54600
18-11-2015,5.493284225,5.76722762,5.417589349,5.540142991,53400
19-11-2015,5.48968029,5.587002433,5.046324778,5.406776548,33400
20-11-2015,5.633862495,5.648280556,5.518518013,5.587003713,22600
23-11-2015,5.583397388,5.682521824,5.450030285,5.633860756,70000
24-11-2015,5.586641312,5.740193966,5.500493575,5.605024565,64000
25-11-2015,5.644674301,5.67315016,5.50409834,5.587002077,54600
27-11-2015,5.655487537,5.659092137,5.630256026,5.651883281,6800
30-11-2015,5.587002277,5.659092561,5.322070358,5.587002277,94000
01-12-2015,5.5293293,5.659091792,5.370730355,5.540142755,187800
02-12-2015,5.406775475,5.522119908,5.388752821,5.475261146,25600
03-12-2015,5.406775475,5.446425038,5.352707857,5.446425038,22200
04-12-2015,5.48968029,5.48968029,5.370731234,5.406776548,16800
07-12-2015,5.659091473,5.677114126,5.478865627,5.489679082,66800
08-12-2015,5.994312763,6.066403394,5.619443272,5.619443272,67400
09-12-2015,5.853736877,6.275465491,5.788495193,6.055589684,108400
10-12-2015,5.929431915,5.975569148,5.770832943,5.788855257,35000
11-12-2015,6.066403866,6.210584451,5.830668627,5.947454797,51400
14-12-2015,6.091633797,6.214187434,5.857340321,6.163724414,89400
15-12-2015,5.994312763,6.135970873,5.947814588,6.091634908,52000
16-12-2015,6.379996777,6.524177351,5.778042277,6.012335796,146000
17-12-2015,6.607080936,6.63231245,6.343951309,6.376392023,91800
18-12-2015,6.491737366,6.902652221,6.127680945,6.689985592,232800
21-12-2015,6.585454464,6.866606424,6.434064682,6.848584109,166800
22-12-2015,6.478039265,6.765679899,6.452086556,6.578244813,37800
23-12-2015,6.365577221,6.610684497,6.340345711,6.610684497,32400
24-12-2015,6.370624542,6.621499355,6.354764439,6.354764439,18200
28-12-2015,6.657543182,6.837769047,6.307905253,6.307905253,61000
29-12-2015,6.754865646,6.848583183,6.553733368,6.769284046,72800
30-12-2015,6.816142082,6.848582793,6.715936546,6.765679061,35400
31-12-2015,6.794516087,7.191013176,6.794516087,6.834165314,133600
04-01-2016,6.895441532,7.028808979,6.322323894,6.650334925,161600
05-01-2016,7.082879066,7.205432757,6.902653133,7.036020626,198200
06-01-2016,6.50615406,7.115317734,6.362694687,7.028809393,297000
07-01-2016,6.25023365,6.434064133,5.857341172,6.434064133,94000
08-01-2016,6.257443428,6.484527758,5.947454662,6.109658246,67200
11-01-2016,6.434066296,6.718822928,6.134891258,6.138495859,162800
12-01-2016,5.997918129,6.543281914,5.792460699,6.480923628,196800
13-01-2016,5.871759892,6.091635012,5.540143879,6.070008098,90000
14-01-2016,5.997918129,6.053788409,5.507703772,5.814087616,248600
15-01-2016,6.643125057,6.654659363,5.853735628,5.853735628,111000
19-01-2016,6.235816479,6.848584874,5.933036882,6.643127438,178200
20-01-2016,6.596267223,6.762075398,6.102448675,6.217793134,63200
21-01-2016,6.369182587,6.520572352,6.217792821,6.520572352,79600
22-01-2016,6.019544601,6.765679627,6.019544601,6.434063983,182200
25-01-2016,5.828505039,6.124075375,5.605024987,6.030357834,123800
26-01-2016,6.048381329,6.181748107,5.70234725,5.934838821,79200
27-01-2016,5.770833015,6.037567247,5.761821515,6.037567247,46000
28-01-2016,5.817691803,5.974849084,5.720369996,5.792460287,54600
29-01-2016,6.102448463,6.275465145,5.767228214,5.864550355,44200
01-02-2016,5.929431915,6.163725429,5.909246017,5.990708744,89200
02-02-2016,5.8465271,5.947453836,5.788854875,5.868154699,45200
03-02-2016,5.691533566,5.83066818,5.677115508,5.788855367,52200
04-02-2016,5.695138454,5.772275048,5.594212048,5.659093137,65400
05-02-2016,6.221396446,6.221396446,5.708113301,5.76722722,120800
08-02-2016,6.163725376,6.48092263,5.835714322,6.088030147,76400
09-02-2016,6.109656811,6.23581436,6.073611502,6.127679121,60200
10-02-2016,6.51503849,6.51503849,6.125222142,6.467985738,36000
11-02-2016,6.967469215,6.967469215,6.305107234,6.587425716,110800
12-02-2016,7.206353188,7.351131618,6.94937156,7.05795521,154600
16-02-2016,7.20273447,7.257026302,7.086911713,7.238929255,151800
17-02-2016,7.220834732,7.257028839,7.108630792,7.257028839,70200
18-02-2016,7.238931179,7.517630195,6.044507811,7.130347488,132600
19-02-2016,7.166540146,7.238929719,6.699629538,7.159301741,62000
22-02-2016,7.289602757,7.399996557,7.148443833,7.184638624,89000
23-02-2016,7.307701111,7.466957097,7.063386773,7.238931072,60400
24-02-2016,7.434381962,7.434381962,7.184638666,7.430762414,70800
25-02-2016,7.542965889,7.691363914,7.057957474,7.057957474,89000
26-02-2016,7.597258568,7.698965606,7.489398366,7.600878116,41400
29-02-2016,7.865098,7.872337096,7.448859625,7.622593795,113200
01-03-2016,7.618975639,7.986351907,7.503152838,7.872338535,153400
02-03-2016,7.314938545,7.49229294,7.094151646,7.454288033,129600
03-03-2016,7.314938545,7.501341465,7.13758484,7.228071467,119200
04-03-2016,7.04709959,7.343896363,6.967471592,7.293223373,129800
07-03-2016,6.905938148,7.130345248,6.696009238,6.902318601,85200
08-03-2016,7.119489193,7.184639687,6.699631219,6.699631219,66000
09-03-2016,7.123107433,7.202735417,7.032620806,7.141204483,75800
10-03-2016,7.162920952,7.202734594,6.884222005,7.148442762,69200
11-03-2016,7.20273447,7.307699276,7.083292165,7.304079728,57200
14-03-2016,7.36199522,7.36199522,7.177402338,7.246172398,50000
15-03-2016,7.285982609,7.34751354,7.173779389,7.285982609,93000
16-03-2016,7.608116627,7.684125071,7.257028032,7.257028032,58800
17-03-2016,7.597258568,7.687745212,7.488674871,7.488674871,110200
18-03-2016,7.553824425,7.90853186,7.498808397,7.655169012,44000
21-03-2016,7.542965889,7.615355473,7.488674046,7.553824534,41600
22-03-2016,7.347515106,7.586399788,7.246170508,7.553825231,68400
23-03-2016,7.392758369,7.452479884,7.199117011,7.199117011,55800
24-03-2016,7.481434822,7.553824404,7.289602912,7.340275896,46200
28-03-2016,7.372853279,7.676887818,7.372853279,7.481436994,33600
29-03-2016,7.238931179,7.39456831,7.156045384,7.39456831,40000
30-03-2016,7.159301281,7.238929254,7.144823091,7.17377878,73600
31-03-2016,7.20273447,7.235309707,7.155681734,7.159301281,31000
01-04-2016,7.170160294,7.285259573,7.137585052,7.220833275,55800
04-04-2016,7.358373165,7.459718445,7.16654125,7.16654125,86000
05-04-2016,7.271507263,7.438002368,7.195498118,7.358374365,44600
06-04-2016,7.289602757,7.409045082,7.249789108,7.249789108,36000
07-04-2016,7.304080963,7.336656206,7.231691382,7.23531093,33000
08-04-2016,7.340273857,7.340273857,7.264626495,7.304079076,18200
11-04-2016,7.485055923,7.673268324,7.269697251,7.325799224,73600
12-04-2016,7.600877285,7.644311173,7.419904016,7.485054503,67400
13-04-2016,7.597258568,7.673267708,7.532108073,7.655169965,29400
14-04-2016,7.448857784,7.61173396,7.445238237,7.510388707,32800
15-04-2016,7.347515106,7.445240846,7.166541821,7.304081904,52000
18-04-2016,7.369232655,7.493018044,7.285984416,7.293223513,54800
19-04-2016,7.738415241,7.901291429,7.34751308,7.34751308,138800
20-04-2016,7.633452892,7.785470473,7.567940654,7.647930396,58600
21-04-2016,7.760130882,7.770988832,7.437998122,7.564679498,42400
22-04-2016,7.702222347,7.760133736,7.568301828,7.73479759,21600
25-04-2016,7.647926331,7.731174519,7.590014968,7.731174519,33000
26-04-2016,7.959206104,7.962825653,7.564684233,7.713082292,53800
27-04-2016,7.687744141,7.959204036,7.640691396,7.959204036,16800
28-04-2016,7.463338852,7.669648294,7.445241109,7.669648294,45600
29-04-2016,7.412662983,7.532105281,7.365971997,7.474193906,50600
02-05-2016,7.347515106,7.423524245,7.347515106,7.358373752,33800
03-05-2016,7.20273447,7.539344791,6.916797124,7.307699276,116800
04-05-2016,7.249789238,7.278744933,7.11224917,7.260647192,83000
05-05-2016,7.495914459,7.600879314,7.300463636,7.329419339,81800
06-05-2016,7.770990372,7.781849014,7.463336428,7.50315007,45000
09-05-2016,7.875955582,7.941106059,7.563595451,7.8325217,67200
10-05-2016,7.524865627,7.644307906,6.989184456,7.5755379,111800
11-05-2016,7.1253829,7.564817478,7.089065827,7.357811061,46200
12-05-2016,6.842111111,7.20164871,6.787635843,7.11811992,83200
13-05-2016,6.715001106,6.827583409,6.627840547,6.827583409,76400
16-05-2016,6.192036152,6.745506214,6.083085641,6.718631902,142600
17-05-2016,5.9632411,6.268303427,5.890606949,6.195669276,114800
18-05-2016,6.017715454,6.177510147,5.872447866,5.883343195,59600
19-05-2016,5.897870064,6.173878848,5.828867694,5.90150184,70000
20-05-2016,5.985030174,6.081270514,5.901501398,5.955976657,25400
23-05-2016,5.919660091,6.137561839,5.919660091,5.999557791,45600
24-05-2016,5.926923275,6.141193232,5.919659722,5.919659722,40000
25-05-2016,5.719916821,6.078001794,5.556490695,5.923291447,95400
26-05-2016,5.719916821,5.810709151,5.643651249,5.705390062,53200
27-05-2016,5.781656265,6.017716212,5.683600371,5.683600371,101200
31-05-2016,5.803446293,5.883343997,5.676337223,5.778024548,56000
01-06-2016,5.694495201,5.93781868,5.632756387,5.814341052,51600
02-06-2016,5.51291132,5.79618334,5.472962466,5.68360068,82200
03-06-2016,5.719916821,5.810709151,5.520173624,5.541963936,71000
06-06-2016,5.738075256,5.759865221,5.712653169,5.712653169,47000
07-06-2016,5.727180004,5.810708777,5.701757918,5.741706762,60200
08-06-2016,5.629124641,5.748970493,5.581912587,5.748970493,62000
09-06-2016,5.465698242,5.629124364,5.447539707,5.629124364,77000
10-06-2016,5.469330311,5.610966129,5.451171775,5.48385707,35200
13-06-2016,5.396695614,5.483856508,5.269586568,5.483856508,70000
14-06-2016,5.30953598,5.360379815,5.171531582,5.360379815,88600
15-06-2016,5.440276146,5.516541716,5.331325629,5.345852388,47800
16-06-2016,5.418486595,5.614598025,5.411223042,5.614598025,33600
17-06-2016,5.338588238,5.588448598,5.316798275,5.418485575,44000
20-06-2016,5.175161839,5.349482913,5.175161839,5.324061176,157000
21-06-2016,5.15700388,5.280481494,5.124318588,5.138845346,51200
22-06-2016,5.135214329,5.182426382,5.091634052,5.117055793,86600
23-06-2016,5.287744999,5.356747011,5.106160354,5.106160354,40800
24-06-2016,5.847025394,5.979582095,5.447539058,5.447539058,272600
27-06-2016,5.709021568,5.861552358,5.629124224,5.84339417,61400
28-06-2016,5.759865284,5.812524655,5.654546195,5.658177971,41200
29-06-2016,5.832499027,5.923291356,5.701758198,5.770760562,28600
30-06-2016,5.876079082,6.031515352,5.756233247,5.796181744,46400
01-07-2016,5.970503807,5.988661996,5.886974337,5.912033109,21800
05-07-2016,5.992292404,6.0395041,5.966870668,5.988660629,33600
06-07-2016,6.119403362,6.133929775,5.995925734,6.006821064,54000
07-07-2016,6.050400734,6.221090063,6.028610769,6.221090063,38400
08-07-2016,6.046769142,6.162983216,6.010452071,6.064928024,19400
11-07-2016,6.057663918,6.097612761,5.992293334,5.99592511,48600
12-07-2016,6.075821877,6.286460031,5.99955666,6.068558325,99000
13-07-2016,5.992292404,6.13755996,5.945080708,6.086716489,54800
14-07-2016,6.017715454,6.206563665,5.886974279,5.966871972,64200
15-07-2016,6.086718082,6.097613412,5.912396969,5.959608678,21800
18-07-2016,6.046769142,6.068559108,6.014083847,6.054032695,26800
19-07-2016,6.083086491,6.202932346,5.974135965,5.992294155,33200
20-07-2016,6.192036152,6.242880324,6.028610386,6.028610386,29200
21-07-2016,6.217458248,6.274838644,6.050400023,6.137560565,53000
22-07-2016,6.264672279,6.464415176,6.213828784,6.330042884,58800
25-07-2016,6.217458248,6.384515781,6.101970131,6.199299369,50600
26-07-2016,6.221089363,6.406305776,6.11940241,6.406305776,46600
27-07-2016,6.268301964,6.493466533,6.144824351,6.250143084,76200
28-07-2016,6.293725014,6.311883205,6.228354418,6.300988567,12800
29-07-2016,6.195668221,6.326409393,6.101244117,6.275565912,24400
01-08-2016,6.079454899,6.195668981,6.046769602,6.177510791,18800
02-08-2016,6.086718082,6.14482512,5.902228273,6.108508048,25800
03-08-2016,6.043138027,6.083086879,5.936003037,6.043138027,86000
04-08-2016,6.184773922,6.210195664,5.992293928,6.003189257,32800
05-08-2016,6.177509785,6.202931524,5.998104342,6.159350904,9000
08-08-2016,6.177509785,6.348199104,6.153903587,6.170246233,29800
09-08-2016,6.177509785,6.511988533,6.061295721,6.228353264,22800
10-08-2016,6.152087212,6.533414642,6.152087212,6.322776508,7600
11-08-2016,6.123035431,6.294451408,6.093981911,6.294451408,15200
12-08-2016,6.231985092,6.460782138,5.985029859,6.064927548,47200
15-08-2016,6.24651289,6.300988152,6.224722231,6.275566409,9000
16-08-2016,6.231985092,6.28101303,6.206563352,6.22472154,15200
17-08-2016,6.195668221,6.311882289,6.101244117,6.173878256,25400
18-08-2016,6.162982941,6.533415803,6.115771235,6.133929424,36000
19-08-2016,6.228355408,6.282104742,6.064929585,6.115773082,36000
22-08-2016,6.181141376,6.4280966,6.046768437,6.4280966,24000
23-08-2016,6.188405037,6.231984964,6.123034454,6.12666623,14600
24-08-2016,6.10850668,6.181140807,6.101243128,6.181140807,9600
25-08-2016,6.181141376,6.213826667,6.137560758,6.137560758,18800
26-08-2016,6.188405037,6.279197359,6.173877933,6.279197359,15400
29-08-2016,6.192036152,6.248690611,6.166614412,6.221089668,22600
30-08-2016,6.144824028,6.290091596,6.108506963,6.290091596,23200
31-08-2016,6.126666069,6.224721248,6.061295488,6.224721248,21000
01-09-2016,6.202933311,6.250508691,6.166616233,6.166616233,16000
02-09-2016,6.311882496,6.319146049,6.181142011,6.181142011,49800
06-09-2016,6.380884171,6.4389912,6.268301887,6.268301887,23600
07-09-2016,6.417201519,6.464413223,6.279197491,6.348199158,28800
08-09-2016,6.242879391,6.647450038,6.170245266,6.457149296,27000
09-09-2016,6.152087212,6.297354771,6.0612949,6.210194235,26400
12-09-2016,6.144824028,6.15208758,6.097612328,6.137560476,21600
13-09-2016,6.115772247,6.177511068,6.086718725,6.119404024,13800
14-09-2016,6.235617638,6.261039381,6.115771782,6.173878822,21600
15-09-2016,6.118927956,6.290316026,6.107988025,6.231971121,16200
16-09-2016,5.940246582,6.151747035,5.896487556,6.12622053,52800
19-09-2016,6.078814983,6.144453169,5.984004349,5.984004349,19000
20-09-2016,6.042349815,6.126220529,5.976711624,6.060583033,12400
21-09-2016,5.907426357,6.126219359,5.834494893,6.024116144,49200
22-09-2016,5.765210629,5.889193357,5.728744895,5.834495105,97200
23-09-2016,6.049643517,6.151747454,5.76156527,5.76156527,61000
26-09-2016,5.85272789,6.013176707,5.827202084,6.013176707,18800
27-09-2016,5.827202797,6.002237513,5.823556501,6.002237513,33600
28-09-2016,5.856375217,5.88554767,5.816263182,5.819909826,29000
29-09-2016,5.881901264,5.889194551,5.856375454,5.856375454,27000
30-09-2016,5.85272789,5.922012717,5.823555789,5.860021176,38000
03-10-2016,5.736038208,5.889193742,5.728745269,5.849082059,88400
04-10-2016,5.630288601,5.761564986,5.51359879,5.761564986,285200
05-10-2016,5.725099087,5.794383921,5.564650601,5.699573278,283200
06-10-2016,5.699573994,5.834496688,5.692280706,5.692280706,72800
07-10-2016,5.633934975,5.728745616,5.484426074,5.728745616,59200
10-10-2016,5.615702629,5.677694181,5.524538623,5.677694181,29000
11-10-2016,5.524538994,5.65216875,5.47348737,5.575590966,32000
12-10-2016,5.619349003,5.630288586,5.509952131,5.509952131,46200
13-10-2016,5.861845016,5.888464886,5.571943144,5.586529369,37800
14-10-2016,5.819908142,5.925658339,5.794382341,5.870960093,31000
17-10-2016,5.75427103,5.816262572,5.717805643,5.787090123,24800
18-10-2016,5.648520947,5.736038297,5.637581365,5.736038297,32200
19-10-2016,5.630288601,5.740779535,5.601116148,5.619349018,41400
20-10-2016,5.5792346,5.619346619,5.55006216,5.615699977,16200
21-10-2016,5.524538994,5.559181416,5.469840726,5.517246054,40200
24-10-2016,5.550064564,5.692280185,5.524538407,5.531831694,196600
25-10-2016,5.546418667,5.663108494,5.52453915,5.615703165,241600
26-10-2016,5.539123535,5.644873743,5.499011507,5.531830597,28800
27-10-2016,5.721452236,5.721452236,5.522715045,5.575589982,14200
28-10-2016,5.480779171,5.615701839,5.480779171,5.524537846,31200
31-10-2016,5.561003208,5.582882718,5.480778802,5.506304955,40800
01-11-2016,5.615702629,5.630288856,5.517245683,5.571943948,26200
02-11-2016,5.571942806,5.677693018,5.546417001,5.571942806,163800
03-11-2016,5.535478592,5.739685772,5.531831948,5.663107992,138800
04-11-2016,5.488072395,5.622995062,5.407847985,5.53183107,70800
07-11-2016,5.622995377,5.62664202,5.437020739,5.473486477,64400
08-11-2016,6.191857815,6.250202711,5.65216718,5.714158719,111400
09-11-2016,6.536056042,6.708153621,6.279739845,6.279739845,124200
10-11-2016,6.356633186,6.649565302,6.213828169,6.58731714,41200
11-11-2016,6.243121624,6.477468024,6.116794775,6.407896382,34800
14-11-2016,6.089332104,6.53495588,5.923093488,6.239460605,25400
15-11-2016,6.04172945,6.283398572,5.968496087,6.125947329,20200
16-11-2016,5.961175442,6.085671785,5.893434312,6.019761874,37600
17-11-2016,5.931880951,5.982777929,5.913572258,5.913572258,11800
18-11-2016,6.052715778,6.221151568,5.902587984,5.928219456,16000
21-11-2016,5.961175442,6.140596479,5.902589009,6.016100135,29600
22-11-2016,6.089332104,6.114964276,5.968497514,6.067362369,83800
23-11-2016,6.082009792,6.532027271,6.045393099,6.532027271,26400
25-11-2016,5.957512856,6.114964132,5.913572688,6.082009181,14200
28-11-2016,6.06003809,6.214560238,5.887940575,5.89892579,143600
29-11-2016,6.078347683,6.217490271,6.041730992,6.144257587,222600
30-11-2016,5.990468502,6.147919797,5.968498067,6.147919797,14600
01-12-2016,6.001451969,6.169888452,5.898926082,6.125948288,85400
02-12-2016,6.147918224,6.268752795,5.924557077,6.078346593,238000
05-12-2016,6.499437809,6.5360545,6.038069182,6.122287082,209000
06-12-2016,6.678857803,6.752091174,6.466481868,6.579992963,60000
07-12-2016,6.708151817,6.898558044,6.704490079,6.726460511,28000
08-12-2016,6.583654881,6.647734256,6.363955462,6.647734256,48200
09-12-2016,6.539716721,6.755754443,6.442682378,6.664213059,32200
12-12-2016,6.429866791,6.609287824,6.254107496,6.598303305,34200
13-12-2016,6.360295773,6.497607851,6.283400646,6.283400646,24800
14-12-2016,6.426206112,6.517747513,6.35297341,6.35297341,37200
15-12-2016,6.481129646,6.576332062,6.384461976,6.448174695,13000
16-12-2016,6.506760597,6.547038324,6.389587758,6.481129126,42000
19-12-2016,6.569010258,6.590979995,6.457329652,6.481130608,39000
20-12-2016,6.814339638,6.825324155,6.412289409,6.52506858,38800
21-12-2016,6.700829506,6.733784462,6.536055422,6.708152985,38800
22-12-2016,6.719137669,6.766738881,6.616611068,6.616611068,18200
23-12-2016,6.872927666,6.898559143,6.70851885,6.828987492,20400
27-12-2016,6.905881882,6.949821353,6.792370068,6.894896665,51800
28-12-2016,6.953482151,6.953482151,6.781384633,6.869264261,29200
29-12-2016,6.949820042,6.949820042,6.777722532,6.909542317,33800
30-12-2016,7.140228271,7.242754878,6.821663934,6.938837497,23600
03-01-2017,7.074316978,7.312324401,6.937004923,7.312324401,59600
04-01-2017,6.982775211,7.198812889,6.982775211,7.06333206,18800
05-01-2017,7.129241467,7.147550159,6.927850737,7.019392105,19600
06-01-2017,7.048686028,7.107272453,6.975452647,7.107272453,13000
09-01-2017,7.14755106,7.32331034,7.019392989,7.066994199,26400
10-01-2017,7.213460445,7.308662858,7.028546482,7.028546482,17600
11-01-2017,7.176844597,7.217122331,7.034039564,7.217122331,54600
12-01-2017,7.176844597,7.198814333,7.140227904,7.195152594,55600
13-01-2017,7.085305214,7.14022992,7.061504252,7.103613216,2400
17-01-2017,7.176844597,7.176844597,6.829353025,7.019393306,29600
18-01-2017,7.019392014,7.158534583,6.86560249,7.030377229,35600
19-01-2017,6.997423649,6.997423649,6.902220525,6.924190262,18000
20-01-2017,6.968128204,6.968128204,6.914301424,6.914301424,4200
23-01-2017,7.077978134,7.117889895,6.957143563,6.971790517,37000
24-01-2017,6.909544468,7.035871335,6.909544468,7.035871335,2000
25-01-2017,7.045023441,7.173181493,6.905880872,6.905880872,10200
26-01-2017,6.993762016,7.023055232,6.920528628,7.012070014,8000
27-01-2017,6.993762016,6.993762016,6.895629779,6.895629779,8200
30-01-2017,6.993762016,7.03037871,6.898558891,6.898558891,17200
31-01-2017,6.946158886,6.957144102,6.905881158,6.938836107,47000
01-02-2017,6.847295761,6.971792098,6.781385853,6.876588976,49000
02-02-2017,6.850957394,6.854619133,6.634920353,6.828987655,41400
03-02-2017,6.828988075,6.876589993,6.788710335,6.807018336,7800
06-02-2017,6.766470432,6.832296737,6.744406051,6.79515476,10200
07-02-2017,6.803244591,6.825308971,6.709470447,6.788534536,11800
08-02-2017,7.218793392,7.321761665,6.946663709,7.244535986,76600
09-02-2017,7.641699314,7.641699314,7.262923795,7.303375747,63200
10-02-2017,7.821893692,7.891764356,7.538731417,7.586537698,27600
13-02-2017,7.902797222,7.965313562,7.785855354,7.862345266,47400
14-02-2017,7.81085968,7.873376006,7.711568922,7.805711302,22800
15-02-2017,7.866021156,7.906473104,7.465181301,7.615955848,22400
16-02-2017,7.60860157,7.840279312,7.60860157,7.840279312,73000
17-02-2017,7.63066721,7.814538709,7.549764003,7.681783464,52600
21-02-2017,7.509312153,7.715248038,7.465182684,7.638022344,40000
22-02-2017,7.255567551,7.652729871,7.110308931,7.439439008,71000
23-02-2017,7.31072855,7.384277411,6.994470133,7.20040596,75200
24-02-2017,7.068018436,7.356696563,6.673430313,7.226147999,29200
27-02-2017,7.093762875,7.229827393,6.946665112,7.042278377,20600
28-02-2017,6.862082005,7.101114733,6.805081606,7.101114733,20000
01-03-2017,6.924599171,6.979760469,6.667178846,6.979760469,37000
02-03-2017,6.873115063,6.961373275,6.847373172,6.924598845,21200
03-03-2017,6.94666338,6.987115324,6.730430789,6.825308247,18400
06-03-2017,6.895179272,6.946663052,6.858404842,6.909889324,8400
07-03-2017,6.917246342,6.979762686,6.854729997,6.89885947,10000
08-03-2017,6.891503334,6.983439079,6.865761438,6.968729724,13400
09-03-2017,6.766470432,6.954019429,6.737051023,6.840019306,15400
10-03-2017,6.689244747,6.895180612,6.549502027,6.748083566,25200
13-03-2017,6.700276375,6.810599682,6.534792466,6.645115072,24200
14-03-2017,6.740727901,6.891502447,6.534792056,6.534792056,22600
15-03-2017,6.784857273,6.92827679,6.676740623,6.74808284,26800
16-03-2017,6.707631588,6.983438811,6.707631588,6.862083661,10400
17-03-2017,6.909890175,6.909890175,6.663502377,6.663502377,44400
20-03-2017,6.854730129,6.873117702,6.718665595,6.873117702,11600
21-03-2017,6.549501896,6.766470298,6.549501896,6.766470298,3800
22-03-2017,6.395051479,6.641439353,6.306793231,6.527439203,121000
23-03-2017,6.417114258,6.475953069,6.262662203,6.284726582,46000
24-03-2017,6.406082153,6.549501678,6.387695287,6.435501561,22800
27-03-2017,6.336211205,6.512727662,6.255308004,6.402405051,46600
28-03-2017,6.3251791,6.435501706,6.196468926,6.266340283,136000
29-03-2017,6.42079258,6.604664084,6.396889789,6.531115903,9200
30-03-2017,6.306790352,6.488823389,6.196467767,6.369306671,49600
31-03-2017,6.281050205,6.31414713,6.196469486,6.284727719,42600
03-04-2017,6.395051479,6.714988245,6.395051479,6.612019937,17200
04-04-2017,6.475955009,6.619374567,6.398728608,6.619374567,11400
05-04-2017,6.516405106,6.552076218,6.214855986,6.552076218,14200
06-04-2017,6.623050213,6.792211623,6.325178638,6.435501236,20200
07-04-2017,6.615695953,6.667179745,6.494340801,6.667179745,10800
10-04-2017,6.612018585,6.612018585,6.270017503,6.505373486,14800
11-04-2017,6.512726307,6.593630192,6.4538875,6.542146412,23400
12-04-2017,6.39872694,6.560534028,6.395049427,6.527437108,12400
13-04-2017,6.457565308,6.58995298,6.350920228,6.37666212,8400
17-04-2017,6.361953259,6.531115394,6.361953259,6.520082852,44600
18-04-2017,6.332532883,6.4207911,6.277371585,6.30679099,14200
19-04-2017,6.372984409,6.43550073,6.288403711,6.292081224,13200
20-04-2017,6.306790352,6.406081099,6.292081001,6.306790352,14600
21-04-2017,6.262663364,6.319663079,6.262663364,6.310469644,22000
24-04-2017,6.303113461,6.303113461,6.099016027,6.251629676,10200
25-04-2017,6.369307995,6.369307995,6.303114149,6.317824205,6000
26-04-2017,6.52743721,6.52743721,6.222210597,6.410862905,14800
27-04-2017,6.571566582,6.582598421,6.475953334,6.4943402,4800
28-04-2017,6.453888416,6.604662968,6.439546604,6.5311148,15000
01-05-2017,6.387695313,6.516404783,6.387695313,6.516404783,14400
02-05-2017,6.361953259,6.608341083,6.330327901,6.428147107,5800
03-05-2017,6.523760796,6.553180208,6.387696277,6.387696277,13800
04-05-2017,6.347243309,6.372985203,6.347243309,6.372985203,600
05-05-2017,6.277371883,6.485146841,6.22956561,6.402404539,23400
08-05-2017,6.25346899,6.270017452,6.025468738,6.270017452,12200
09-05-2017,6.240597248,6.431823739,6.170726597,6.170726597,15000
10-05-2017,5.571304798,6.251629304,5.466498128,6.251629304,94600
11-05-2017,5.933607101,5.94469821,5.56391229,5.56391229,30200
12-05-2017,5.693305492,5.892940871,5.685911772,5.885547151,6400
15-05-2017,5.733971596,5.777225788,5.717704779,5.717704779,18800
16-05-2017,5.745062351,5.796819797,5.689608222,5.689608222,14400
17-05-2017,5.804214001,5.878152963,5.456700702,5.730275038,25800
18-05-2017,6.040819168,6.417908413,5.767244825,5.767244825,12400
19-05-2017,6.284817219,6.358756527,5.911425052,6.014939943,17000
22-05-2017,6.236757755,6.395726084,5.966879748,6.166515476,23000
23-05-2017,6.014940739,6.11106157,5.922516944,6.092576388,7600
24-05-2017,5.774637699,6.011242702,5.774637699,6.011242702,12400
25-05-2017,5.89663744,5.89663744,5.804213654,5.804213654,11800
26-05-2017,5.915121555,6.118453577,5.804212956,5.952091206,18200
30-05-2017,5.959486961,6.212727977,5.959486961,6.212727977,1600
31-05-2017,6.000151634,6.155423613,5.95948565,6.155423613,9600
01-06-2017,5.855970383,6.273725531,5.811607013,6.273725531,25000
02-06-2017,5.674820423,6.005697736,5.674820423,5.863364673,53400
05-06-2017,5.660033226,6.255242325,5.637851361,5.730275153,35800
06-06-2017,5.637851715,5.652639509,5.637851715,5.637851715,4000
07-06-2017,5.619366646,5.822699065,5.575003267,5.822699065,24200
08-06-2017,5.674820423,5.759850134,5.626760014,5.626760014,3600
09-06-2017,6.009392738,6.114756477,5.637849523,5.637849523,20800
12-06-2017,6.173908234,6.236756427,5.582395954,5.737667918,51400
13-06-2017,6.214575291,6.42899845,6.170212267,6.266333091,21000
14-06-2017,6.203485012,6.281120657,6.201266649,6.281120657,4000
15-06-2017,6.107363701,6.192393411,6.103666665,6.122151139,5200
16-06-2017,5.915121555,6.227513659,5.915121555,6.227513659,55600
19-06-2017,6.148028851,6.148028851,5.730273722,5.970575382,51000
20-06-2017,5.796819687,6.205702124,5.793122651,5.937303524,58000
21-06-2017,5.859667778,5.907727833,5.715486555,5.730274345,40200
22-06-2017,5.660033226,5.854492895,5.660033226,5.767244812,33600
23-06-2017,5.700698376,5.915121502,5.656335007,5.859667379,85600
26-06-2017,5.767245293,6.036382932,5.722881558,5.869281177,54800
27-06-2017,5.71548748,5.885547277,5.71548748,5.785729409,19600
28-06-2017,5.737669468,5.874456645,5.678517942,5.682214978,19800
29-06-2017,6.007546425,6.085182071,5.763547673,5.767244709,39800
30-06-2017,6.058193207,6.251544007,6.051909022,6.2404529,13800
03-07-2017,6.155423641,6.184999223,6.040818351,6.184999223,16600
05-07-2017,6.062999249,6.222707937,6.026029599,6.203483776,5200
06-07-2017,6.148028851,6.281119305,6.033423574,6.033423574,35400
07-07-2017,6.177605629,6.410513969,6.177605629,6.192393773,24400
10-07-2017,6.159121037,6.369847156,6.159121037,6.369847156,6000
11-07-2017,5.737669468,6.210878856,5.737669468,6.210878856,66800
12-07-2017,5.538032532,5.94469729,5.538032532,5.759849737,62200
13-07-2017,5.587942123,5.611972506,5.453003478,5.556518021,16800
14-07-2017,5.478882313,5.660033214,5.478882313,5.545427556,17200
17-07-2017,5.563911438,5.563911438,5.50845696,5.549123648,12800
18-07-2017,5.48627615,5.604578486,5.482579114,5.482579114,9800
19-07-2017,5.46039772,5.575003023,5.46039772,5.501064061,9800
20-07-2017,5.512154579,5.550972753,5.453003412,5.453003412,10400
21-07-2017,5.538032532,5.541729567,5.508456951,5.512153987,30400
24-07-2017,5.497366905,5.549124354,5.491821351,5.549124354,17200
25-07-2017,5.456700802,5.575003144,5.456700802,5.545427558,22600
26-07-2017,5.515851498,5.541730045,5.489972951,5.489972951,9000
27-07-2017,5.508456707,5.560214147,5.508456707,5.560214147,6000
28-07-2017,5.560216427,5.560216427,5.508458966,5.508458966,7400
31-07-2017,5.571305275,5.615668646,5.508457077,5.532487457,8800
01-08-2017,5.726577282,5.726577282,5.582396412,5.615668676,16600
02-08-2017,5.704395294,5.787576477,5.663728609,5.763546452,3600
03-08-2017,5.730274677,5.767244332,5.633045027,5.708092814,6400
04-08-2017,5.708093166,5.785729165,5.708093166,5.74875986,6200
07-08-2017,5.989063263,6.022335891,5.704397754,5.704397754,24800
08-08-2017,6.066697121,6.077788229,5.970576301,6.02603043,23600
09-08-2017,6.196091652,6.221970203,5.999413957,6.063001154,68600
10-08-2017,6.136940002,6.210878614,6.05930365,6.173909661,25600
11-08-2017,6.048213482,6.125849133,6.011243822,6.011243822,26800
14-08-2017,6.038969517,6.155423678,6.00754577,6.155423678,23000
15-08-2017,6.477058887,6.519573743,6.055605957,6.063000029,116200
16-08-2017,6.636027813,6.758027177,6.395725416,6.395725416,53000
17-08-2017,6.395726204,6.63602863,6.284817934,6.525119655,49400
18-08-2017,6.29960537,6.453028482,6.218271989,6.340271354,86000
21-08-2017,6.392028332,6.491106484,6.284816419,6.406815768,174400
22-08-2017,6.373544693,6.469665523,6.358757253,6.451181046,62000
23-08-2017,6.425301552,6.469665281,6.336574798,6.406817076,115800
24-08-2017,6.336573601,6.51328809,6.284816514,6.506633708,57400
25-08-2017,6.351362228,6.399422283,6.31069554,6.366149666,15200
28-08-2017,6.406816483,6.443786136,6.30699863,6.310695666,19200
29-08-2017,6.432695389,6.536210283,6.329181199,6.369847186,116800
30-08-2017,6.432695389,6.647118545,6.358756783,6.469665044,87000
31-08-2017,6.336573601,6.562087831,6.327331365,6.552845595,62000
01-09-2017,6.421604156,6.436391594,6.281119625,6.358755962,68400
05-09-2017,6.510333538,6.517726907,6.373545986,6.414212689,79600
06-09-2017,6.636027813,6.636027813,6.45487658,6.514028449,31200
07-09-2017,6.617544174,6.617544174,6.406818016,6.573181143,77200
08-09-2017,6.60275507,6.709966288,6.51033129,6.617542508,14600
11-09-2017,6.665604591,6.798694382,6.562089683,6.624937894,38000
12-09-2017,6.957662106,6.962837815,6.669300361,6.676693727,92800
13-09-2017,6.221970081,6.595362312,5.992758751,6.099970696,104400
14-09-2017,6.281119347,6.373543117,6.159119998,6.225665225,64000
15-09-2017,6.3145504,6.52255892,6.266262973,6.307121347,71800
18-09-2017,6.325695038,6.392554399,6.292265003,6.341295626,48400
19-09-2017,6.180830479,6.299692494,6.158544028,6.273691517,25800
20-09-2017,6.095398426,6.203117569,6.080541029,6.12511393,29800
21-09-2017,6.054540157,6.132172567,6.02482465,6.061969211,104000
22-09-2017,6.18454504,6.336837087,6.03596752,6.03596752,145400
25-09-2017,6.110256672,6.162258627,6.039682084,6.154829574,31000
26-09-2017,6.154829025,6.329408217,6.113969945,6.113969945,53200
27-09-2017,6.173402786,6.25883478,6.147401098,6.217975693,20800
28-09-2017,6.206831932,6.206831932,6.136258048,6.177116426,4400
29-09-2017,6.132542133,6.208688145,6.128827607,6.180829554,36800
02-10-2017,6.136257172,6.191973649,6.11768454,6.128828119,9800
03-10-2017,6.132542133,6.217974106,6.110255686,6.136256659,37400
04-10-2017,6.18454504,6.318265163,6.169687642,6.188259567,16400
05-10-2017,6.188258648,6.240260595,6.091683097,6.154828622,141600
06-10-2017,6.232833385,6.385125437,6.210546225,6.211289414,69400
09-10-2017,6.084255219,6.273691831,6.0805414,6.273691831,8000
10-10-2017,6.195689201,6.303407648,6.099113627,6.102828154,14200
11-10-2017,6.299692154,6.351694814,6.091683638,6.128828193,100000
12-10-2017,6.281120777,6.399982797,6.262548852,6.399982797,6600
13-10-2017,6.188258648,6.281119673,6.188258648,6.240260595,19000
16-10-2017,6.10654211,6.295978715,6.10654211,6.184545043,24000
17-10-2017,6.147399902,6.27369096,6.084254374,6.084254374,6000
18-10-2017,6.121398926,6.121398926,6.084254372,6.110256056,4400
19-10-2017,6.035966873,6.113969797,6.021108768,6.054538796,24800
20-10-2017,5.998823166,6.074969192,5.972822188,6.069397756,38600
23-10-2017,6.050826073,6.082398488,5.969107899,6.043397019,58600
24-10-2017,5.972821712,6.017395321,5.969107186,6.017395321,11000
25-10-2017,5.943105698,6.024823146,5.761098171,6.024823146,31400
26-10-2017,5.842815876,5.905961405,5.787099399,5.905961405,5400
27-10-2017,5.842815876,5.924533682,5.842815876,5.868817205,3600
30-10-2017,5.690524101,5.83910197,5.664523125,5.82795839,43800
31-10-2017,5.768527508,5.868817598,5.590234487,5.757384283,53000
01-11-2017,5.571662903,5.731384019,5.534518342,5.731384019,92800
02-11-2017,5.957964897,5.972822296,5.56051939,5.567948089,49200
03-11-2017,5.775956631,6.02110936,5.757384352,6.02110936,54600
06-11-2017,5.657094955,5.761099586,5.627379448,5.705382744,8600
07-11-2017,5.768527508,5.874760627,5.697953276,5.697953276,18000
08-11-2017,5.809015274,5.809015274,5.664523517,5.749955504,26600
09-11-2017,5.857674599,5.872532351,5.63480796,5.735097699,22400
10-11-2017,5.716525078,5.813100279,5.686809577,5.801957055,15800
13-11-2017,5.649665833,5.701668144,5.649665833,5.701668144,5200
14-11-2017,5.645951271,5.716525861,5.60509254,5.645951271,31600
15-11-2017,5.608806133,5.710581526,5.571661581,5.571661581,77400
16-11-2017,5.579091549,5.642236731,5.575377022,5.605092527,11400
17-11-2017,5.80938673,5.813100903,5.571662343,5.571662343,51000
20-11-2017,5.612520695,5.722096742,5.593948772,5.720239479,10000
21-11-2017,5.582805634,5.62737889,5.553090129,5.579091461,45000
22-11-2017,5.620149136,5.766160905,5.575337359,5.575337359,13200
24-11-2017,5.530525208,5.579071029,5.48197903,5.549196513,8800
27-11-2017,5.328872204,5.409159745,5.246717104,5.409159745,8800
28-11-2017,5.556665421,5.594008388,5.21012053,5.33260619,34000
29-11-2017,5.302732468,5.552931848,5.24671783,5.552931848,36800
30-11-2017,5.549196243,5.63508574,5.22431063,5.272856806,83600
01-12-2017,5.325138092,5.504385203,5.257920247,5.504385203,30800
04-12-2017,5.287793159,5.431190876,5.224309738,5.235512946,41200
05-12-2017,5.22804594,5.30273224,5.116016313,5.22804594,28200
06-12-2017,5.018922806,5.228044753,5.018922806,5.220575946,28800
07-12-2017,4.87328577,5.041330034,4.720551994,5.018923966,100800
08-12-2017,4.690303326,4.977845612,4.686568922,4.90689373,24000
11-12-2017,4.925564766,4.996517,4.671631411,4.720177582,30800
12-12-2017,5.302732468,5.340075797,4.947972263,4.947972263,406800
13-12-2017,5.459573746,5.579071827,5.269870578,5.280326624,82800
14-12-2017,5.616415024,5.694835727,5.452105166,5.694835727,74400
15-12-2017,5.541727543,5.754583539,5.526790286,5.694834512,40600
18-12-2017,5.567867756,5.63508559,5.523055985,5.586539416,14000
19-12-2017,5.340075016,5.493182003,5.340075016,5.455838679,18800
20-12-2017,5.347542763,5.459572364,5.302730994,5.340074313,26200
21-12-2017,5.235513687,5.392354706,5.231779284,5.302731165,45200
22-12-2017,5.280326366,5.467042287,5.276591963,5.276591963,19200
26-12-2017,5.414761066,5.452104389,5.209373506,5.448369985,17200
27-12-2017,5.440901756,5.541728523,5.349410999,5.392355575,14200
28-12-2017,5.407292366,5.500650317,5.396089512,5.433432835,43600
29-12-2017,5.470776081,5.489447744,5.399824191,5.41476145,12600
02-01-2018,5.463308334,5.508120116,5.452852288,5.508120116,7800
03-01-2018,5.347542763,5.489446876,5.31766825,5.489446876,19000
04-01-2018,5.470776081,5.489447744,5.303852224,5.36621527,34400
05-01-2018,5.429698944,5.900223148,5.418496089,5.470776318,49800
08-01-2018,5.343809605,5.590274554,5.332606393,5.547329623,13800
09-01-2018,5.302732468,5.713507666,5.302732468,5.384887579,22400
10-01-2018,5.295263767,5.668695619,5.093610582,5.407293038,56000
11-01-2018,5.168296337,5.325137727,5.157093482,5.325137727,45000
12-01-2018,5.239248276,5.427831385,5.239248276,5.278458802,24400
16-01-2018,5.22804594,5.310201048,5.194437017,5.246717604,49200
17-01-2018,5.231780052,5.313934799,5.194436727,5.194436727,13200
18-01-2018,5.134687424,5.216842522,5.134687424,5.190702053,23600
19-01-2018,5.168296337,5.175764788,5.128339002,5.142156224,9600
22-01-2018,5.007719517,5.138420767,4.989047859,5.138420767,34200
23-01-2018,5.101078033,5.224310492,5.007720089,5.007720089,64200
24-01-2018,5.071204185,5.134687625,5.052532523,5.134687625,9800
25-01-2018,5.157093048,5.190701609,5.138421388,5.172030305,6000
26-01-2018,5.145890236,5.220576527,5.145890236,5.164561898,10600
29-01-2018,4.992784023,5.123485319,4.947972242,5.123485319,24400
30-01-2018,5.078673363,5.228045962,5.003986707,5.228045962,23000
31-01-2018,5.037595272,5.071204194,5.037595272,5.071204194,21800
01-02-2018,4.992784023,5.048799017,4.981581167,5.022658544,11200
02-02-2018,4.93303442,4.970377745,4.905027104,4.93303442,35000
05-02-2018,4.835941792,4.940502597,4.81727013,4.940502597,75600
06-02-2018,4.496118546,4.89569043,4.245919228,4.835941403,114000
07-02-2018,4.589476109,5.235513209,4.41396309,4.41396309,39000
08-02-2018,4.529727936,4.627940329,4.492384612,4.627940329,50600
09-02-2018,4.160030365,4.481181584,3.879956516,4.481181584,110400
12-02-2018,4.148745537,4.272869358,4.077280448,4.23149487,49800
13-02-2018,4.144984722,4.2126884,4.107371289,4.107371289,30200
14-02-2018,4.137462616,4.185607733,4.126178727,4.1337012,31800
15-02-2018,4.197644234,4.235257677,4.109253108,4.160031149,22600
16-02-2018,4.201405525,4.235257552,4.163792083,4.193882693,21200
20-02-2018,4.054712772,4.23525676,4.032144998,4.160030248,43400
21-02-2018,4.126178741,4.160030766,4.039667973,4.084803886,16800
22-02-2018,4.062235355,4.137461863,4.054712525,4.088564543,16200
23-02-2018,4.163791656,4.21720261,4.032145339,4.039667811,29800
26-02-2018,4.17131424,4.205166261,4.17131424,4.19764343,3200
27-02-2018,4.197644234,4.235257677,4.152508317,4.175076455,24000
28-02-2018,4.190120697,4.242779074,4.144984791,4.193881753,3600
01-03-2018,4.118654728,4.171313457,4.118654728,4.163790628,28000
02-03-2018,4.242779255,4.242779255,4.118655419,4.118655419,17400
05-03-2018,4.17131424,4.250302169,4.133700803,4.205166261,16800
06-03-2018,4.261587143,4.329291202,4.171315303,4.205167333,20200
07-03-2018,4.216449738,4.250301755,4.205165851,4.216449738,6200
08-03-2018,4.284153461,4.419561164,4.223971902,4.280392047,6000
09-03-2018,4.321768284,4.415801538,4.254064585,4.254064585,44000
12-03-2018,4.318006992,4.438369805,4.318006992,4.400756359,33400
13-03-2018,4.325529099,4.41956234,4.280393186,4.280393186,29400
14-03-2018,4.344335556,4.419562073,4.325528837,4.336812725,16200
15-03-2018,4.291676521,4.329289956,4.223972482,4.329289956,4200
16-03-2018,4.156269073,4.502311408,4.156269073,4.355619432,56400
19-03-2018,4.175075531,4.190120833,4.156268813,4.160030229,4800
20-03-2018,4.381948471,4.581299181,4.163791401,4.163791401,18800
21-03-2018,4.20516634,4.521118064,4.20516634,4.306722046,31800
22-03-2018,4.23901844,4.295438238,4.193882171,4.193882171,12600
23-03-2018,4.434608459,4.438369876,4.193883188,4.235258052,15200
26-03-2018,4.325529099,4.378187843,4.265347881,4.378187843,21800
27-03-2018,4.44024992,4.464698406,4.201405393,4.201405393,131000
28-03-2018,4.513595581,4.594464226,4.445891533,4.453414364,30000
29-03-2018,4.607628822,4.626435542,4.513595581,4.521118413,20600
02-04-2018,4.517355919,4.619287894,4.513594504,4.619287894,14800
03-04-2018,4.671572208,4.671572208,4.570016119,4.606125142,16400
04-04-2018,4.528639793,4.818262279,4.521117322,4.626434427,30600
05-04-2018,4.712194443,4.712194443,4.509834837,4.513596254,1200
06-04-2018,4.521118641,4.675333107,4.513595809,4.675333107,13200
09-04-2018,4.513595581,4.547447605,4.513595581,4.547447605,10200
10-04-2018,4.528639793,4.566253224,4.524878379,4.539923679,4000
11-04-2018,4.611391068,4.664049463,4.611391068,4.649004156,3600
12-04-2018,4.724230289,4.776888676,4.645242351,4.645242351,21200
13-04-2018,4.829546928,4.833308344,4.724229807,4.724229807,37200
16-04-2018,4.829546928,4.829546928,4.829546928,4.829546928,400
17-04-2018,5.062749863,5.077795167,4.803218268,4.803218268,20000
18-04-2018,5.277145386,5.333565546,4.980000358,4.980000358,29800
19-04-2018,5.250816822,5.514109857,5.228248684,5.228248684,19000
20-04-2018,5.2470541,5.41631384,5.2470541,5.41631384,4200
23-04-2018,5.171827793,5.280906329,5.171827793,5.280906329,2000
24-04-2018,5.2470541,5.28090612,5.115407795,5.201918193,27400
25-04-2018,5.250816822,5.258339296,5.160544986,5.183112766,12000
26-04-2018,5.232009411,5.453927914,5.232009411,5.254577546,10000
27-04-2018,5.262099743,5.307235653,5.190634642,5.288429293,19200
30-04-2018,5.051465511,5.55548371,5.047704096,5.280906476,14600
01-05-2018,5.149260521,5.361775863,5.11916991,5.361775863,4000
02-05-2018,5.077795029,5.25833868,4.995045676,5.164305438,15800
03-05-2018,5.145499706,5.213203404,5.058988927,5.160545012,4200
04-05-2018,5.096601963,5.119169741,5.077795242,5.119169741,1400
07-05-2018,5.043942451,5.153020985,4.991284072,5.153020985,11800
08-05-2018,5.002567291,5.107884395,5.002567291,5.064629201,5200
09-05-2018,4.897251129,4.946148096,4.810740365,4.916057489,44600
10-05-2018,5.032659054,5.032659054,4.822024438,4.852115046,36400
11-05-2018,5.021375179,5.021375179,5.010090932,5.017613764,2400
14-05-2018,4.934864521,5.028897763,4.912296744,5.025136348,10200
15-05-2018,5.040181637,5.149260183,4.870921873,4.893490009,28200
16-05-2018,4.912296295,5.133086288,4.893489577,5.002568114,14600
17-05-2018,4.878443718,4.904772906,4.852114172,4.859637002,6800
18-05-2018,5.047705173,5.047705173,4.874683969,4.912297415,4000
21-05-2018,4.983762264,5.156783459,4.983762264,4.98752368,3200
22-05-2018,4.980000019,5.036796101,4.949909413,5.036796101,3000
23-05-2018,4.968716145,5.07967539,4.968716145,4.976238617,3800
24-05-2018,4.972477913,5.141737676,4.964955081,5.141737676,4000
25-05-2018,4.972477913,4.972477913,4.972477913,4.972477913,0
29-05-2018,5.12293005,5.156782068,4.964954203,5.156782068,3800
30-05-2018,5.186873913,5.277145744,5.111647387,5.111647387,15400
31-05-2018,5.190634251,5.219220432,5.190634251,5.198156722,3400
01-06-2018,5.288430214,5.322281883,5.183112714,5.322281883,3000
04-06-2018,5.250816822,5.329804768,5.24329399,5.315135389,2800
05-06-2018,5.179350376,5.183111433,5.03529133,5.183111433,17400
06-06-2018,5.205679417,5.389984452,5.205679417,5.337325717,7200
07-06-2018,5.211322308,5.233890444,5.205680542,5.209441958,1800
08-06-2018,5.186873913,5.23953266,5.186873913,5.222606647,2600
11-06-2018,5.22072506,5.318519706,5.160543849,5.160543849,2600
12-06-2018,5.186873913,5.265861855,5.11916986,5.235771245,4400
13-06-2018,5.16430378,5.273382649,5.074031983,5.186871908,39400
14-06-2018,5.239531517,5.247053989,5.168066064,5.247053989,11600
15-06-2018,5.22072506,5.228247532,5.156782433,5.156782433,7000
18-06-2018,5.188753128,5.36741639,5.160543234,5.26586034,16000
19-06-2018,5.190634251,5.288428894,5.116535878,5.208688398,6800
20-06-2018,5.216965675,5.262101601,5.216965675,5.262101601,2400
21-06-2018,5.209442139,5.277898046,5.017614225,5.200414884,6800
22-06-2018,5.141737461,5.194396203,5.055226696,5.149259934,7200
25-06-2018,4.867160797,5.250816624,4.799457102,5.250816624,7200
26-06-2018,5.021375179,5.145499028,4.814501979,5.145499028,23000
27-06-2018,4.923581123,5.124812225,4.884086971,4.991285179,58000
28-06-2018,4.964954853,5.002568291,4.885966919,5.002568291,26400
29-06-2018,4.995045662,5.096601734,4.878444644,4.934864445,27200
02-07-2018,4.893489361,5.002567893,4.848353454,4.949909155,10800
03-07-2018,5.115407944,5.115407944,5.115407944,5.115407944,1400
05-07-2018,4.889729023,4.980000857,4.814502494,4.976239441,17400
06-07-2018,4.938625813,4.938625813,4.889728485,4.889728485,1600
09-07-2018,4.889729023,4.938626356,4.852115579,4.931856094,38400
10-07-2018,4.840830803,4.889728127,4.840830803,4.889728127,2600
11-07-2018,4.85963726,4.85963726,4.837069128,4.838949835,4800
12-07-2018,4.840830803,4.863398937,4.761842873,4.863398937,20200
13-07-2018,4.795695305,4.852115106,4.758081865,4.788172473,10600
16-07-2018,4.795695305,4.795695305,4.758081865,4.780650001,15400
17-07-2018,4.776888371,4.848353832,4.758081651,4.780649786,5200
18-07-2018,4.70166254,4.848354541,4.675333345,4.75432129,55000
19-07-2018,4.66028738,4.750559202,4.649003133,4.750559202,10800
20-07-2018,4.690377235,4.74303561,4.607627899,4.652763803,20200
23-07-2018,4.671572208,4.743037325,4.611390982,4.743037325,2000
24-07-2018,4.607628822,4.682855344,4.607628822,4.633958015,12000
25-07-2018,4.662168503,4.664048852,4.607629048,4.630197185,162000
26-07-2018,4.75055933,4.758081803,4.615151593,4.615151593,17800
27-07-2018,4.878443718,4.878443718,4.701661158,4.739274591,15000
30-07-2018,4.949910164,4.949910164,4.848354442,4.852115499,7800
31-07-2018,5.021375179,5.100363116,4.863399307,5.066511092,15200
01-08-2018,4.957432747,5.096601905,4.91605789,5.042062451,5000
02-08-2018,5.085318089,5.156783197,5.013852621,5.096601978,5400
03-08-2018,5.08907938,5.190635462,5.062750185,5.190635462,13000
06-08-2018,5.077795029,5.149260134,4.882205715,5.100363164,48800
07-08-2018,5.040181637,5.081556493,4.957432642,5.051465884,32000
08-08-2018,5.177470207,5.190634803,5.043942823,5.077794846,66400
09-08-2018,5.07403326,5.318519886,4.983761441,5.126692001,23000
10-08-2018,5.107885838,5.126692558,4.931103237,5.126692558,4400
13-08-2018,5.07403326,5.07403326,4.885966791,5.010090632,10200
14-08-2018,4.995045662,5.077795014,4.874683228,4.980000358,19200
15-08-2018,5.013852596,5.100363368,4.942387488,4.942387488,6200
16-08-2018,4.882205963,5.137976507,4.882205963,4.99504593,10200
17-08-2018,4.923581123,4.949910319,4.885967679,4.885967679,25000
20-08-2018,4.889729023,4.889729023,4.889729023,4.889729023,3800
21-08-2018,4.946147919,5.040181152,4.899131302,4.904773425,7200
22-08-2018,5.013852596,5.247055001,4.987523402,5.004449415,5000
23-08-2018,5.006330013,5.09660184,5.006330013,5.051465927,4200
24-08-2018,5.043942451,5.107885077,5.040181036,5.040181036,4400
27-08-2018,5.017612934,5.074032726,5.017612934,5.055226009,5600
28-08-2018,5.092839718,5.092839718,4.995045073,4.995045073,1400
29-08-2018,4.99128437,5.021374977,4.927341741,5.010090731,10000
30-08-2018,4.96307373,5.002567873,4.96307373,4.998806458,3000
31-08-2018,5.021375179,5.021375179,4.908535219,4.987523155,10600
04-09-2018,4.99880743,4.99880743,4.953295229,4.953295229,1000
05-09-2018,5.111647606,5.111647606,4.926214023,4.926214023,5400
06-09-2018,5.111647606,5.111647606,5.062750272,5.062750272,1000
07-09-2018,5.070271969,5.100362935,4.972477675,4.972477675,4800
10-09-2018,5.077795029,5.077795029,5.070272197,5.077795029,4200
11-09-2018,4.923581123,5.228248658,4.923581123,5.209442295,24800
12-09-2018,5.058987617,5.077794335,5.000687116,5.07403292,3200
13-09-2018,5.175590038,5.175590038,5.036420875,5.074033959,19200
14-09-2018,5.058987617,5.228247357,4.889727878,5.141736959,27200
17-09-2018,5.190634251,5.243292629,5.111646325,5.134214099,19400
18-09-2018,5.175590038,5.17634225,4.890105164,5.137976596,59400
19-09-2018,4.938625813,5.111646989,4.761843221,4.889728485,174000
20-09-2018,4.974358082,4.991284092,4.904773333,4.991284092,5800
21-09-2018,4.532402515,4.953671413,4.532402515,4.927342219,74200
24-09-2018,4.82578516,4.90101167,4.697899915,4.712945216,21200
25-09-2018,4.801713943,4.829547921,4.682855918,4.829547921,25800
26-09-2018,4.769366264,4.799456874,4.727991407,4.746798128,9000
27-09-2018,4.788172245,4.803217907,4.706175466,4.803217907,5600
28-09-2018,4.897251129,4.995045422,4.773126927,4.791933646,15600
01-10-2018,4.908535004,4.980000105,4.80321788,4.908535004,10400
02-10-2018,4.885966778,4.934864103,4.867160059,4.934864103,2200
03-10-2018,4.85963726,4.942386602,4.799456052,4.889727865,2800
04-10-2018,4.904773712,4.942387151,4.848353912,4.848353912,4600
05-10-2018,5.013852596,5.081556647,4.874683437,4.874683437,11400
08-10-2018,4.964954853,5.216963957,4.942387077,4.980000157,16000
09-10-2018,4.904773712,5.05522675,4.904773712,4.976238816,17000
10-10-2018,4.912296295,4.993164575,4.90853488,4.90853488,19400
11-10-2018,4.948028564,5.028897201,4.908534779,4.9423868,9400
12-10-2018,4.934864521,5.074033677,4.934864521,5.058988372,11200
15-10-2018,4.912296295,5.006329529,4.701661693,4.991284226,42800
16-10-2018,4.938625813,4.964955005,4.848353988,4.882205653,36600
17-10-2018,5.224487305,5.224487305,4.92734226,4.95743287,14200
18-10-2018,5.08907938,5.104124686,4.972478351,5.066511601,12800
19-10-2018,5.201918602,5.2583384,4.897251117,5.05898804,108200
22-10-2018,5.070271969,5.201918644,5.002568282,5.175589453,28200
23-10-2018,5.186873913,5.231633902,5.051466166,5.085318192,5600
24-10-2018,4.919819355,5.250816421,4.885967329,5.141737871,35800
25-10-2018,4.897251129,4.938625624,4.862646895,4.908535017,5400
26-10-2018,4.85963726,4.9273413,4.795694637,4.901011752,2200
29-10-2018,4.790053368,4.882205905,4.735514272,4.870922016,26000
30-10-2018,4.79193449,4.859638547,4.778769892,4.825786519,4000
31-10-2018,4.82578516,4.90101167,4.761842537,4.761842537,4800
01-11-2018,4.912296295,4.919818767,4.814877572,4.814877572,5400
02-11-2018,4.927341938,4.983761739,4.829547282,4.976238907,5600
05-11-2018,4.833309174,4.964955508,4.79569573,4.964955508,10200
06-11-2018,4.765604496,4.924332575,4.765604496,4.924332575,7200
07-11-2018,4.690377235,4.790052222,4.690377235,4.765603742,12400
08-11-2018,4.664049149,4.746798511,4.607629341,4.705424009,30600
09-11-2018,4.980000019,4.983761435,4.528640565,4.829546987,67600
12-11-2018,4.799456596,4.97247777,4.570015264,4.97247777,14200
13-11-2018,4.743037224,4.773127837,4.686617415,4.773127837,2600
14-11-2018,4.705422878,4.791933277,4.677212981,4.791933277,12800
15-11-2018,4.705422878,4.705422878,4.705422878,4.705422878,200
16-11-2018,4.776888371,4.776888371,4.735513875,4.735513875,600
19-11-2018,4.889729023,4.976239441,4.791934356,4.806979662,46400
20-11-2018,4.769366264,4.923580728,4.769366264,4.810740763,3400
21-11-2018,4.765604496,4.791933688,4.626435348,4.709184697,11600
23-11-2018,4.765604496,4.765604496,4.765604496,4.765604496,200
26-11-2018,4.468459606,4.701661998,4.445891471,4.701661998,10600
27-11-2018,4.509833813,4.626435181,4.438368713,4.498549925,13600
28-11-2018,4.630197048,4.641480937,4.438369146,4.626435632,21800
29-11-2018,4.506072998,4.679094186,4.430846473,4.679094186,10600
30-11-2018,4.554970264,4.641481036,4.423323936,4.423323936,24200
03-12-2018,4.603868484,4.660288658,4.566255394,4.611391318,5400
04-12-2018,4.626434326,4.645241041,4.566253125,4.645241041,1800
06-12-2018,4.611391068,4.632454426,4.588822928,4.600106818,5000
07-12-2018,4.607628822,4.655773939,4.607628822,4.655773939,1800
10-12-2018,4.739275455,4.79193384,4.660287519,4.660287519,2600
11-12-2018,4.770870686,4.79193404,4.724230349,4.724230349,6600
12-12-2018,4.739275455,4.79193384,4.731752624,4.79193384,6600
13-12-2018,4.735514164,4.791933966,4.592583592,4.791933966,7000
14-12-2018,4.720468998,4.769366329,4.607629032,4.630197168,8400
17-12-2018,4.720468998,4.720468998,4.494789065,4.641481057,6200
18-12-2018,4.58844614,4.664048587,4.419562305,4.664048587,8000
19-12-2018,4.434608459,4.579419764,4.359381924,4.579419764,8000
20-12-2018,4.453413963,4.494788457,4.363142146,4.494788457,17600
21-12-2018,4.133701801,4.457176428,3.930589985,4.419562982,155600
24-12-2018,4.193882465,4.257825099,3.95691901,4.141224079,14800
26-12-2018,4.216449738,4.216449738,4.01333799,4.047190008,32000
27-12-2018,4.141224861,4.231496705,4.065998325,4.069759383,7400
28-12-2018,4.378189087,4.588823406,4.137463792,4.381950145,23600
31-12-2018,4.434608459,4.551209858,4.434608459,4.551209858,4000
02-01-2019,4.573777199,4.758082282,4.513595976,4.758082282,8000
03-01-2019,4.633956909,4.911919225,4.607627723,4.682854226,12200
04-01-2019,4.645243168,5.09848345,4.517357877,4.916058697,22400
07-01-2019,4.720468998,5.107133658,4.513595786,4.543686396,16200
08-01-2019,4.457176208,4.641481293,4.39925162,4.641481293,15600
09-01-2019,4.532402515,4.858509671,4.475982353,4.858509671,17000
10-01-2019,4.513595581,4.513595581,4.45717578,4.509834165,2400
11-01-2019,4.378189087,4.430847487,4.276632985,4.430847487,12600
14-01-2019,4.36314249,4.45905608,4.299199858,4.427461049,9800
15-01-2019,4.404517174,4.521118554,4.404517174,4.521118554,1600
16-01-2019,4.49478817,4.49478817,4.404516358,4.472220396,4200
17-01-2019,4.795695305,4.946148347,4.509834165,4.54368619,24400
18-01-2019,4.957432747,5.01385255,4.889728696,4.904774001,22600
22-01-2019,4.897251129,5.111646794,4.790052938,5.111646794,8200
23-01-2019,5.021375179,5.066511092,4.908535219,5.066511092,7800
24-01-2019,5.021375179,5.021375179,5.021375179,5.021375179,200
25-01-2019,4.980000019,5.111646691,4.908534919,5.111646691,7000
28-01-2019,4.949910164,5.100363577,4.852115499,5.002568912,102800
29-01-2019,4.870921612,5.051465614,4.799456509,5.002568287,43200
30-01-2019,4.927341938,5.096601699,4.870921779,4.908535218,20800
31-01-2019,4.878443718,5.02137426,4.878443718,4.961192696,35800
01-02-2019,4.870921612,4.939001584,4.701661857,4.90853505,15800
04-02-2019,4.976238251,4.976238251,4.701661397,4.844591947,33000
05-02-2019,4.893489361,4.964954458,4.893489361,4.91643342,2600
06-02-2019,4.893489361,5.021374611,4.814501433,4.964954458,19000
07-02-2019,4.938625813,5.002568444,4.8934899,5.002568444,17200
08-02-2019,4.946147919,4.983761355,4.795694889,4.946147919,23000
11-02-2019,4.85963726,4.957431904,4.778768627,4.957431904,15400
12-02-2019,4.878443718,4.919818207,4.745668566,4.852114172,11400
13-02-2019,4.85963726,4.901011752,4.818262769,4.901011752,20000
14-02-2019,4.810740471,4.88596699,4.810740471,4.852114967,23600
15-02-2019,4.773127079,4.870921734,4.772374868,4.788172383,18000
19-02-2019,4.769366264,4.889728702,4.769366264,4.889728702,14000
20-02-2019,4.761843204,4.791933813,4.739275428,4.767109043,6400
21-02-2019,4.754320621,4.754320621,4.735513902,4.743036375,1400
22-02-2019,4.746797562,4.780649583,4.743036146,4.776888168,4000
25-02-2019,4.735514164,4.754320884,4.656526226,4.738899295,27600
26-02-2019,4.682854176,4.739274321,4.682854176,4.739274321,1000
27-02-2019,4.712947369,4.773128604,4.667811442,4.686618168,12800
28-02-2019,4.795695305,4.795695305,4.726110548,4.726110548,1800
01-03-2019,4.734761238,4.889727887,4.720468147,4.735513449,15400
04-03-2019,4.756200314,4.791932678,4.68285416,4.722348298,5800
05-03-2019,4.79193449,4.79193449,4.677966377,4.677966377,2400
06-03-2019,4.739275455,4.739275455,4.645242215,4.73551404,6400
07-03-2019,4.739275455,4.739275455,4.739275455,4.739275455,200
08-03-2019,4.739275455,4.739275455,4.739275455,4.739275455,200
11-03-2019,4.626434326,4.626434326,4.52487828,4.618911497,3400
12-03-2019,4.588821411,4.62267343,4.575656817,4.575656817,11800
13-03-2019,4.568134308,4.568510234,4.551208298,4.55534564,2000
14-03-2019,4.532402515,4.570015598,4.447772451,4.554970294,8200
15-03-2019,4.705422878,4.735513483,4.51735642,4.521117835,15600
18-03-2019,4.573777199,4.739275919,4.524879866,4.705423892,32800
19-03-2019,4.567006111,4.567006111,4.567006111,4.567006111,2000
20-03-2019,4.624554634,4.70166186,4.547447408,4.577538015,8800
21-03-2019,4.645243168,4.645243168,4.539925659,4.542558579,5000
22-03-2019,4.645243168,4.645243168,4.645243168,4.645243168,200
25-03-2019,4.550456524,4.635838797,4.524879542,4.524879542,5800
26-03-2019,4.299200535,4.622674803,4.137463221,4.524880132,54200
27-03-2019,4.333050728,4.474476477,4.160029598,4.160029598,41800
28-03-2019,4.464698315,4.512467147,4.33305199,4.348097295,9800
29-03-2019,4.475981712,4.622673684,4.201404846,4.622673684,54800
01-04-2019,4.285282135,4.509833529,4.246540563,4.509833529,24600
02-04-2019,4.295438766,4.318006545,4.223973298,4.257825324,7400
03-04-2019,4.163791656,4.280393029,4.081042665,4.280393029,20800
04-04-2019,4.148745537,4.359380106,4.052455684,4.359380106,31000
05-04-2019,4.23901844,4.23901844,4.160030508,4.216450306,3000
08-04-2019,4.182598591,4.240899101,4.129939846,4.133701262,28000
09-04-2019,4.167553425,4.18259873,4.099849373,4.148746704,5800
10-04-2019,4.175075531,4.340573857,4.126178209,4.208927192,22800
11-04-2019,4.164168835,4.255945099,4.137463352,4.233753245,9800
12-04-2019,4.197644234,4.197644234,4.073520372,4.195763526,8000
15-04-2019,4.137462616,4.137462616,4.073519983,4.084803872,11000
16-04-2019,4.175075531,4.287915119,4.1675527,4.190120833,4800
17-04-2019,4.099849224,4.231495907,4.088565335,4.231495907,11200
18-04-2019,4.207046986,4.227734053,4.062235721,4.103610215,13800
22-04-2019,4.261587143,4.306723063,4.261587143,4.306723063,2800
23-04-2019,4.21833086,4.242779343,4.163791413,4.242779343,7200
24-04-2019,4.156269073,4.363142263,4.129939524,4.14122377,23000
25-04-2019,4.192377567,4.235632768,4.192377567,4.197643405,5600
26-04-2019,4.193882465,4.340574453,4.133701248,4.156269384,43200
29-04-2019,4.190120697,4.239018018,4.144984791,4.156268678,5000
30-04-2019,4.235257149,4.239018564,4.235257149,4.239018564,1000
01-05-2019,4.163791656,4.257824894,4.152507768,4.152507768,10200
02-05-2019,4.163791656,4.163791656,4.163791656,4.163791656,0
03-05-2019,4.168682575,4.168682575,4.156270188,4.163416736,1400
06-05-2019,4.118654728,4.229238024,4.081041657,4.129938613,8600
07-05-2019,4.141224861,4.219460602,4.137463445,4.212689981,2400
08-05-2019,4.156269073,4.23149559,4.113766083,4.23149559,2000
09-05-2019,4.355618954,4.517356216,4.193881692,4.212688409,48200
10-05-2019,4.588821411,4.588821411,4.294685632,4.513594901,18200
13-05-2019,4.645243168,4.682856256,4.408279311,4.408279311,15600
14-05-2019,4.70166254,4.705423957,4.600106457,4.679094402,28000
15-05-2019,4.776888371,4.776888371,4.682855133,4.735513875,5400
16-05-2019,4.712947369,4.727992677,4.712947369,4.727992677,3000
17-05-2019,4.878443718,4.878443718,4.750558477,4.750558477,59800
20-05-2019,4.780649185,4.852114279,4.77688777,4.852114279,31800
21-05-2019,5.013852596,5.058988511,4.791934081,4.885967326,68200
22-05-2019,5.077795029,5.224487014,5.058988309,5.074033613,49200
23-05-2019,4.980000019,5.205679926,4.897251031,5.141737297,24000
24-05-2019,4.889729023,4.98752369,4.705423938,4.983762273,5200
28-05-2019,4.66780901,4.870920752,4.622673107,4.870920752,27800
29-05-2019,4.738899708,4.780650494,4.664049105,4.780650494,6600
30-05-2019,4.793814659,5.214331331,4.615151714,4.758081927,110600
31-05-2019,4.739275455,4.976238905,4.6979006,4.799456672,16600
03-06-2019,5.115407944,5.122930416,4.758081377,4.758081377,30400
04-06-2019,4.983762264,5.216964682,4.983762264,5.153022043,13400
05-06-2019,5.081556797,5.134215186,5.025136633,5.062750076,14600
06-06-2019,4.844592094,5.090583132,4.837069264,5.090583132,16600
07-06-2019,4.885966778,4.9198188,4.668185988,4.810740262,9600
10-06-2019,4.889729023,4.889729023,4.889729023,4.889729023,800
11-06-2019,4.889729023,4.91417751,4.848354522,4.912297161,6400
12-06-2019,4.592582703,4.889727678,4.494788063,4.889727678,31000
13-06-2019,4.588821411,4.69789994,4.53992409,4.585059996,4200
14-06-2019,4.667057514,4.69037786,4.539924469,4.539924469,2000
17-06-2019,4.761843204,4.773127093,4.761843204,4.773127093,2200
18-06-2019,4.848354816,4.848354816,4.600106719,4.724230947,10800
19-06-2019,4.795695305,4.795695305,4.795695305,4.795695305,1000
20-06-2019,4.810740471,4.88596699,4.649003186,4.776888448,5400
21-06-2019,4.626434326,4.867159131,4.626434326,4.814500759,27400
24-06-2019,4.885966778,4.995045315,4.769365768,4.773126825,64400
25-06-2019,5.024760246,5.160544267,4.964954957,5.040181477,62000
26-06-2019,4.927341938,5.036420482,4.889728498,5.036420482,7800
27-06-2019,4.964954853,5.021375011,4.889728335,4.889728335,11800
28-06-2019,4.908535004,5.077794757,4.891608992,5.077794757,20800
01-07-2019,4.889729023,4.889729023,4.825786384,4.844593106,3400
02-07-2019,4.82578516,4.904773085,4.780649254,4.82578516,5400
03-07-2019,4.931103706,5.115409157,4.814502672,4.908535926,12000
05-07-2019,4.818264008,4.953671762,4.818264008,4.953671762,9400
08-07-2019,4.70166254,4.828795607,4.664049097,4.814502513,9400
09-07-2019,4.671572208,4.701662822,4.630197705,4.701662822,5000
10-07-2019,4.664049149,4.701662593,4.554970591,4.697901177,9200
11-07-2019,4.694138527,4.694138527,4.694138527,4.694138527,600
12-07-2019,4.438369274,4.701662291,4.374426638,4.701662291,19000
15-07-2019,4.532402515,4.588822319,4.532402515,4.588822319,1400
16-07-2019,4.603868484,4.603868484,4.53089858,4.53089858,3800
17-07-2019,4.637719154,4.64148057,4.607628548,4.626435267,3000
18-07-2019,4.603868484,4.603868484,4.513596638,4.600107068,1000
19-07-2019,4.544062614,4.553465795,4.544062614,4.553465795,600
22-07-2019,4.551208973,4.551208973,4.551208973,4.551208973,1800
23-07-2019,4.556850433,4.582427413,4.542181415,4.566629898,2400
24-07-2019,4.547447205,4.547447205,4.547447205,4.547447205,200
25-07-2019,4.53616333,4.547447218,4.472220703,4.532401915,6200
26-07-2019,4.551208973,4.588822054,4.498550229,4.536163669,13000
29-07-2019,4.539925575,4.622674943,4.537668941,4.622674943,4400
30-07-2019,4.664049149,4.701662593,4.615152173,4.615152173,6400
31-07-2019,4.769366264,5.070272359,4.671195319,4.694139382,77200
01-08-2019,5.017612934,5.247053874,4.795694466,4.803217296,34800
02-08-2019,5.126691818,5.24705424,5.058987777,5.13421429,8200
05-08-2019,5.07741785,5.205679379,5.07741785,5.183111247,13600
06-08-2019,5.07403326,5.228247708,5.072152553,5.190634629,10400
07-08-2019,5.333565712,5.453928149,5.171828418,5.22824822,51800
08-08-2019,5.277145386,5.698414262,5.232009473,5.420075955,40600
09-08-2019,5.269621849,5.389984258,5.269621849,5.322280224,5400
12-08-2019,5.201918602,5.280906535,5.141737388,5.280906535,2400
13-08-2019,5.442644119,5.442644119,5.442644119,5.442644119,600
14-08-2019,5.260219097,5.341087738,5.224486726,5.341087738,4600
15-08-2019,5.270375252,5.273384456,5.186873686,5.186873686,10400
16-08-2019,5.265861988,5.401269739,5.258339156,5.269623404,9000
19-08-2019,5.307236671,5.431360537,5.284668892,5.371179312,12600
20-08-2019,5.416313648,5.604380099,5.299712649,5.39750729,42000
21-08-2019,5.378701687,5.600620202,5.322281525,5.600620202,24800
22-08-2019,5.333565712,5.491541591,5.273384493,5.491541591,69400
23-08-2019,5.33732605,5.450165999,5.33732605,5.33732605,14600
26-08-2019,5.382462978,5.442644196,5.314758929,5.442644196,4400
27-08-2019,5.28053093,5.363656574,5.277522084,5.363656574,6800
28-08-2019,5.374939442,5.374939442,5.307235401,5.314758232,2200
29-08-2019,5.416313648,5.513356078,5.326041838,5.513356078,16800
30-08-2019,5.333565712,5.382463042,5.318520407,5.382463042,3400
03-09-2019,5.329803944,5.453927789,5.190634795,5.190634795,2400
04-09-2019,5.326042175,5.326042175,5.265860965,5.303474401,4400
05-09-2019,5.2470541,5.359894046,5.2470541,5.337325914,6400
06-09-2019,5.258338451,5.258338451,5.201918653,5.201918653,1000
09-09-2019,5.2470541,5.429478794,5.243292685,5.41631384,8400
10-09-2019,5.228248119,5.341088082,5.228248119,5.341088082,2000
11-09-2019,5.284667969,5.337326352,5.284667969,5.337326352,4400
12-09-2019,5.179350376,5.45392723,5.179350376,5.45392723,64200
13-09-2019,4.71670723,5.07779488,4.607628687,5.07779488,60400
16-09-2019,4.607628822,5.081556444,4.607628822,4.823905206,9800
17-09-2019,4.570015907,4.63019749,4.570015907,4.618913241,4000
18-09-2019,4.325529099,4.570015382,4.257072839,4.570015382,14400
19-09-2019,4.287162304,4.445890347,4.267227451,4.400754446,12000
20-09-2019,4.528639793,4.528639793,4.160029749,4.400754559,17400
23-09-2019,4.570015907,4.649003853,4.425957183,4.425957183,19800
24-09-2019,4.513595581,4.585060687,4.344335819,4.52487947,9400
25-09-2019,4.457176208,4.482753192,4.457176208,4.474102222,4400
26-09-2019,4.54368639,4.548576302,4.463194027,4.548576302,5200
27-09-2019,4.513595581,4.607628822,4.476734711,4.487266388,13800
30-09-2019,4.532402515,4.570015598,4.475982353,4.54744782,5600
01-10-2019,4.690377235,4.716706423,4.494787961,4.716706423,14000
02-10-2019,4.641480446,4.806978778,4.53240191,4.577537819,16400
03-10-2019,4.570015907,4.848354606,4.570015907,4.848354606,3000
04-10-2019,4.848354816,5.137977059,4.562493632,4.562493632,33800
07-10-2019,4.897251129,5.062749468,4.719340048,5.002568254,38400
08-10-2019,4.923581123,4.923581123,4.769366648,4.912297234,3000
09-10-2019,4.983762264,5.047704903,4.814502486,5.043943487,26400
10-10-2019,4.987523556,5.16806722,4.897251724,5.010091334,34200
11-10-2019,4.852114677,5.002568065,4.837069375,4.968716044,9000
14-10-2019,4.712947369,4.893491433,4.671196574,4.810742055,9000
15-10-2019,4.682854176,4.882204497,4.592582373,4.592582373,8400
16-10-2019,4.254063129,4.637718489,4.254063129,4.553088446,33800
17-10-2019,4.254063129,4.39962623,4.195762273,4.272869487,17400
18-10-2019,4.220211983,4.40451705,4.086684593,4.400755634,11000
21-10-2019,4.193882465,4.220212017,4.149498763,4.149498763,41600
22-10-2019,4.062235355,4.219082704,4.062235355,4.137461863,27400
23-10-2019,4.062235355,4.062235355,4.062235355,4.062235355,3200
24-10-2019,3.998292923,4.058474132,3.987009036,4.058474132,4200
25-10-2019,4.137462616,4.137462616,4.00957735,4.00957735,6600
28-10-2019,4.0321455,4.129939799,4.0321455,4.129939799,600
29-10-2019,4.013338566,4.164543812,3.90049861,4.164543812,9000
30-10-2019,4.077280521,4.137461725,4.017099317,4.088564407,5200
31-10-2019,4.167553425,4.167553425,4.06223629,4.099849373,8000
01-11-2019,4.167553425,4.167553425,4.017100375,4.114894678,4400
04-11-2019,4.129939556,4.167552994,4.069758342,4.167552994,2600
05-11-2019,4.046814919,4.1148949,3.975725732,4.096088537,17800
06-11-2019,3.765091181,4.002054999,3.704909962,4.002054999,29400
07-11-2019,3.926828623,4.190122027,3.911783316,4.190122027,17400
08-11-2019,3.904260874,4.306723099,3.904260874,4.306723099,3800
11-11-2019,3.994533062,4.08480491,3.856492369,4.08480491,12200
12-11-2019,3.911782026,4.013338082,3.910653889,3.940744492,6600
13-11-2019,3.89673686,4.097968271,3.808345755,4.097968271,9600
14-11-2019,3.885453463,3.996412715,3.838436842,3.908021598,22800
15-11-2019,3.838436604,3.95691868,3.806465289,3.95691868,17200
18-11-2019,3.812107325,3.975724948,3.812107325,3.975724948,1400
19-11-2019,3.82151103,3.904260386,3.783897947,3.825272446,3800
20-11-2019,3.847840548,3.908022131,3.795182155,3.825272768,19400
21-11-2019,3.791420221,3.874169573,3.791420221,3.855362853,46800
22-11-2019,3.854610682,3.904260221,3.817749453,3.847840061,3000
25-11-2019,3.742522955,3.844079028,3.723716235,3.836556197,31000
26-11-2019,3.625921726,3.735000266,3.580785816,3.733119558,17400
27-11-2019,3.535649776,3.697387068,3.490513863,3.640967266,30800
29-11-2019,3.558217287,3.558217287,3.49051325,3.531888099,7800
02-12-2019,3.460423708,3.582666868,3.380307622,3.573263686,14400
03-12-2019,3.422809839,3.561978982,3.422809839,3.561978982,51200
04-12-2019,3.370151281,3.4453778,3.370151281,3.388958001,18600
05-12-2019,3.528127432,3.610876789,3.358867661,3.610876789,19800
06-12-2019,3.441616297,3.516843173,3.434469751,3.445377712,4200
09-12-2019,3.437855005,3.499916922,3.321253643,3.452524023,8600
10-12-2019,3.398360968,3.430332281,3.398360968,3.430332281,6200
11-12-2019,3.422809839,3.422809839,3.351344381,3.351344381,1400
12-12-2019,3.419048548,3.45290057,3.366389806,3.449515081,5200
13-12-2019,3.388959169,3.430333679,3.388959169,3.404004478,5600
16-12-2019,3.309970379,3.430332821,3.276118352,3.430332821,26800
17-12-2019,3.159516573,3.309969965,3.088051472,3.309969965,60800
18-12-2019,3.076767683,3.200891529,3.065483436,3.200891529,15000
19-12-2019,3.020347595,3.264834237,2.903746398,3.133187556,62000
20-12-2019,3.09933567,3.142590877,3.024485431,3.121903807,23800
23-12-2019,3.084290028,3.281760036,3.02787023,3.202772104,32600
24-12-2019,3.009063482,3.174561816,2.94888227,3.174561816,26200
26-12-2019,3.088051796,3.103097101,3.046677297,3.08429038,13000
27-12-2019,3.065484047,3.088052187,2.956405662,2.990257513,27400
30-12-2019,3.084290028,3.091812859,2.957157162,3.039154118,21400
31-12-2019,3.110620022,3.133187801,3.063227113,3.063227113,34800
02-01-2020,3.081281185,3.151994074,3.081281185,3.151994074,5400
03-01-2020,3.09933567,3.321254186,3.070373557,3.321254186,29200
06-01-2020,3.121903896,3.287402255,3.0794009,3.193369007,87200
07-01-2020,3.095573902,3.366389717,3.095573902,3.287401786,69400
08-01-2020,3.148232937,3.193368851,3.125665159,3.148232937,9000
09-01-2020,3.167039633,3.242266155,3.159516801,3.171929186,21000
10-01-2020,3.283640623,3.302447343,3.212175517,3.212175517,15600
13-01-2020,3.23474288,3.366389171,3.23474288,3.366389171,13800
14-01-2020,3.242266178,3.345702961,3.197130265,3.197130265,9200
15-01-2020,3.230981827,3.253549601,3.208413694,3.253549601,10000
16-01-2020,3.26295352,3.26295352,3.204653011,3.212175484,19600
17-01-2020,3.227220058,3.351343879,3.200890872,3.283639847,9600
21-01-2020,3.136948824,3.309969993,3.09557397,3.309969993,8600
22-01-2020,3.114381075,3.117766206,3.095574354,3.114381075,13800
23-01-2020,3.148232937,3.166663372,3.140710464,3.166663372,4800
24-01-2020,3.091813087,3.150113597,3.084290256,3.150113597,10400
27-01-2020,3.076767683,3.202395952,3.076767683,3.103096875,7800
28-01-2020,2.95264411,3.139206013,2.809713522,3.118894868,22600
29-01-2020,3.039154291,3.039154291,2.911269027,3.009063683,10000
30-01-2020,2.982734203,3.042915597,2.922552989,2.997779507,7000
31-01-2020,2.994018316,3.019971582,2.933837101,2.971826466,8200
03-02-2020,3.039154291,3.573263124,2.952643703,3.573263124,9000
04-02-2020,3.095573902,3.372031841,3.054199408,3.054199408,8800
05-02-2020,3.306208372,3.306208372,3.125664742,3.185845952,3000
06-02-2020,3.295300722,3.340060708,3.189607309,3.246027468,4200
07-02-2020,3.325015068,3.385196278,3.234743253,3.36638956,29200
10-02-2020,3.272356749,3.396480599,3.272356749,3.392719542,8200
11-02-2020,3.249789,3.252797845,3.204653086,3.219322106,3400
12-02-2020,3.336299658,3.360748504,3.197130491,3.360748504,5400
13-02-2020,3.272356749,3.306208773,3.212175531,3.306208773,10200
14-02-2020,3.279879332,3.34382196,3.230982006,3.289282512,5000
18-02-2020,3.441616297,3.4566616,3.291163263,3.291163263,31600
19-02-2020,3.39648056,3.522861402,3.230982214,3.422810112,25800
20-02-2020,3.347583055,3.347583055,3.292291754,3.32501528,4000
21-02-2020,3.36150074,3.508568666,3.358115609,3.358867821,9400
24-02-2020,3.441616297,3.569501555,3.381435083,3.452900543,12600
25-02-2020,3.449139357,3.519476325,3.385196723,3.445377941,39600
26-02-2020,3.422809839,3.456661502,3.411525593,3.434845938,5800
27-02-2020,3.558217287,3.558217287,3.313731043,3.419048156,31800
28-02-2020,3.464184761,3.573263311,3.230982356,3.573263311,46400
02-03-2020,3.393095493,3.516843419,3.393095493,3.516843419,3600
03-03-2020,3.377673626,3.456661558,3.35510585,3.411525648,22000
04-03-2020,3.370151281,3.382563666,3.302447235,3.38143517,7400
05-03-2020,3.321253777,3.385196404,3.287401755,3.287401755,4400
06-03-2020,3.385196924,3.415287535,3.28740226,3.28740226,10600
09-03-2020,3.49051404,3.678580535,3.21593713,3.21593713,55200
10-03-2020,3.407764912,3.577024679,3.396480664,3.577024679,20200
11-03-2020,3.466066122,3.539411952,3.404004183,3.404004183,10600
12-03-2020,3.257312059,3.38519735,3.054200233,3.38519735,30000
13-03-2020,3.340060711,3.396480511,2.913149717,3.328400538,45200
16-03-2020,3.486752033,3.486752033,3.178322822,3.246026857,36000
17-03-2020,3.309970379,3.460423431,3.234743853,3.460423431,34600
18-03-2020,3.302447319,3.584547042,3.23474363,3.426571168,20800
19-03-2020,3.390838861,3.66353505,3.23850475,3.458542552,29600
20-03-2020,3.031632185,3.455534028,2.922553448,3.422810497,209600
23-03-2020,3.554456472,3.554456472,3.065483543,3.227220834,123400
24-03-2020,3.723716497,4.359381458,3.629683249,3.64848997,110000
25-03-2020,3.723716497,3.934351132,3.446882591,3.64848997,113200
26-03-2020,4.513595581,4.848354049,3.761329651,3.761329651,90800
27-03-2020,4.607628822,4.773127169,4.272870354,4.272870354,59800
30-03-2020,4.498549938,4.716707013,4.412039176,4.671571103,36600
31-03-2020,4.618911266,4.791932391,4.276630433,4.562491483,38200
01-04-2020,4.562492371,4.91680937,4.526759643,4.596344391,38600
02-04-2020,4.570015907,4.882206275,4.348097734,4.71670791,82800
03-04-2020,4.82578516,4.964954292,4.62643482,4.645241537,82800
06-04-2020,5.096601963,5.359142766,4.893490168,4.893490168,88800
07-04-2020,5.013852596,5.49530271,4.893490157,5.299713747,43000
08-04-2020,5.025136471,5.232009681,5.002568693,5.013852582,53600
09-04-2020,4.99880743,5.262100452,4.716707687,5.262100452,59800
13-04-2020,5.043942451,5.277144821,4.799456194,4.799456194,60400
14-04-2020,4.927341938,5.310997372,4.769366066,5.021375178,79800
15-04-2020,5.107885838,5.186873778,4.848354239,4.848354239,58800
16-04-2020,5.153021812,5.277145669,4.9047741,5.277145669,223600
17-04-2020,5.010090351,5.374939382,5.010090351,5.277144737,54000
20-04-2020,5.16430378,5.205678622,4.709183382,4.837068248,24000
21-04-2020,5.149260521,5.168067242,4.995046051,4.995046051,7600
22-04-2020,5.153021812,5.226367988,5.013852651,5.013852651,24800
23-04-2020,5.243293285,5.341087941,5.100363077,5.250816117,32400
24-04-2020,5.322280407,5.341087124,5.232008597,5.292189804,32400
27-04-2020,5.299713612,5.39750827,5.19439648,5.322281389,41000
28-04-2020,5.457688808,5.641993855,5.322280726,5.444524214,62800
29-04-2020,5.546080589,5.999320789,5.439259035,5.638233124,68600
30-04-2020,5.563006401,5.717220856,5.418195127,5.472734578,43400
01-05-2020,5.623188019,6.270136849,5.382463139,5.525393357,41000
04-05-2020,5.386222839,5.91092839,5.348609766,5.641993318,145400
05-05-2020,5.171827793,5.60438052,4.987522743,5.393746279,135000
06-05-2020,5.288430214,5.489661314,5.100363711,5.209442268,39400
07-05-2020,5.284667969,5.698413995,5.224486755,5.611903589,57200
08-05-2020,5.743550301,6.603014031,5.743550301,6.401782961,212200
11-05-2020,6.018126965,6.138489389,5.863912518,5.972991055,106400
12-05-2020,6.021888256,6.243054171,5.980513404,6.206193304,74800
13-05-2020,6.036932945,6.251329308,5.980513152,5.980513152,52600
14-05-2020,6.085829735,6.319031704,5.950421677,6.319031704,39000
15-05-2020,6.168580055,6.277658952,6.00308172,6.00308172,27000
18-05-2020,6.055740356,6.224999746,5.837583284,6.217477632,37400
19-05-2020,6.04069519,6.146012678,6.021888829,6.106518889,30000
20-05-2020,6.202432632,6.202432632,6.095234793,6.187387687,14800
21-05-2020,6.153535366,6.31903335,6.097114849,6.221239413,34600
22-05-2020,6.398021698,6.411938864,6.176103196,6.209955219,26600
26-05-2020,6.322794914,6.503339282,6.238541498,6.484532203,48000
27-05-2020,6.416828156,6.653792324,6.193029301,6.386737547,66400
28-05-2020,6.349124908,6.525907883,6.349124908,6.525907883,36600
29-05-2020,6.371692657,6.562015416,6.277659416,6.394260435,53800
01-06-2020,6.367931366,6.601133408,6.229890346,6.375454198,52800
02-06-2020,6.37921524,6.492055569,6.209955823,6.413067267,57000
03-06-2020,6.382975578,6.544712853,6.277658817,6.537190023,31200
04-06-2020,6.443157196,6.461964274,6.322794765,6.382975981,33000
05-06-2020,6.46948576,6.576683572,6.416826669,6.443155856,37800
08-06-2020,6.454440117,6.69328458,6.398020329,6.477007889,84200
09-06-2020,6.529666424,6.721494261,6.477007338,6.61429574,60000
10-06-2020,6.612416744,6.69328538,6.461963719,6.480770078,58800
11-06-2020,6.40178299,6.522145419,6.287062325,6.46572562,34600
12-06-2020,6.435635567,6.525907397,6.394260709,6.443157681,42600
15-06-2020,6.495816708,6.695166727,6.409306295,6.413066993,128400
16-06-2020,6.563519001,6.845618659,6.469485782,6.586086773,82600
17-06-2020,6.680121422,6.713973445,6.586088182,6.680121422,88200
18-06-2020,6.695166111,6.864050296,6.631223482,6.800483593,95400
19-06-2020,6.819291592,6.917086267,6.574805263,6.864427871,81800
22-06-2020,7.093867302,7.142764267,6.695165879,6.849380323,73000
23-06-2020,7.26312685,7.374086096,7.076941447,7.1653322,111000
24-06-2020,7.248082161,7.30450196,6.977265976,7.25936569,80200
25-06-2020,7.357158184,7.50385048,7.003593829,7.289454158,136200
26-06-2020,6.781677723,7.375967788,6.691405896,7.375967788,1054800
29-06-2020,6.98102808,7.135242548,6.740303196,6.808007249,111400
30-06-2020,7.165332317,7.187900811,6.968991161,7.099509339,45400
01-07-2020,7.142765045,7.206707679,7.005852523,7.157810708,47800
02-07-2020,7.165332317,7.360921621,7.026539456,7.225513531,59400
06-07-2020,7.582840443,7.601646804,7.270650113,7.270650113,49600
07-07-2020,7.334592342,7.643021239,7.293217489,7.488806791,73400
08-07-2020,7.492567539,7.526419558,7.30073967,7.383488652,33800
09-07-2020,7.210468292,7.673111624,7.16909344,7.515135764,47600
10-07-2020,7.481285095,7.552750566,7.146526957,7.146526957,53400
13-07-2020,7.624214649,8.075573734,7.398534748,7.398534748,75200
14-07-2020,8.180892944,8.350153085,7.673113239,7.810025775,118600
15-07-2020,8.07181263,8.241072741,7.921359596,8.241072741,58000
16-07-2020,7.887509346,8.105666474,7.840492717,8.105666474,36400
17-07-2020,8.177129745,8.237310956,7.846133085,7.846133085,47600
20-07-2020,8.805272102,8.820317764,8.041721973,8.041721973,106400
21-07-2020,9.030953407,9.079850382,8.782705685,8.805273464,133400
22-07-2020,8.921871185,9.124983274,8.745088999,9.012142986,64200
23-07-2020,8.869216919,9.245349953,8.82031994,8.993340792,50800
24-07-2020,8.692434311,8.80527393,8.541980529,8.703717842,57600
27-07-2020,9.32057476,9.422130112,8.790227358,8.805272303,91400
28-07-2020,9.192690849,9.305530464,9.106179713,9.298007632,42600
29-07-2020,9.162600517,9.44470028,9.11746424,9.44470028,28000
30-07-2020,9.140031815,9.320576204,9.004247776,9.027192199,32600
31-07-2020,9.061041832,9.249108286,8.955724359,9.249108286,25400
03-08-2020,9.102417946,9.164479511,8.797749731,9.106178644,29400
04-08-2020,9.083611488,9.124986346,8.899306411,9.121224931,42000
05-08-2020,9.18892765,9.222779672,9.098655833,9.098655833,77000
06-08-2020,9.723038673,10.11647363,9.140032064,9.214506385,121600
07-08-2020,9.54249382,9.967523763,9.354427334,9.926148907,87800
10-08-2020,9.328098297,9.501119854,9.286724154,9.486074189,53200
11-08-2020,8.752614021,9.365710421,8.645039543,9.365710421,98200
12-08-2020,8.906827927,8.959486307,8.557024186,8.775181257,83600
13-08-2020,8.861692429,9.015906886,8.745091411,8.925635061,33000
14-08-2020,9.042237282,9.15507689,8.8052731,8.910590594,61000
17-08-2020,8.406572342,9.293117918,8.286209902,9.045997985,82400
18-08-2020,8.432899475,8.538216943,7.938284521,8.462990078,72000
19-08-2020,8.447944641,8.45133013,8.278685266,8.361434246,55200
20-08-2020,8.33510685,8.391526654,8.049245696,8.308777656,52400
21-08-2020,8.545739174,8.587114022,8.244833143,8.308775764,56200
24-08-2020,8.7413311,8.854171434,8.620968652,8.756376765,39600
25-08-2020,8.97077179,8.97077179,8.513770158,8.786466714,53400
26-08-2020,8.86545372,9.027191007,8.760136951,8.967009791,28400
27-08-2020,8.888021469,8.950083751,8.801511061,8.806400973,24400
28-08-2020,9.08737278,9.08737278,8.933158315,8.95497424,18800
31-08-2020,8.997099876,9.106178055,8.910589473,9.094894526,26200
01-09-2020,9.102417946,9.158837747,9.049758843,9.064804506,27000
02-09-2020,9.267913818,9.309288664,8.71499875,9.064802439,38400
03-09-2020,9.015908241,9.173884139,8.718763528,9.173884139,37400
04-09-2020,9.252868652,9.271675009,8.898175061,9.038473033,48800
08-09-2020,9.523686409,9.523686409,9.027191018,9.117462842,67800
09-09-2020,9.65157032,9.723035773,9.501117301,9.670376678,45400
10-09-2020,9.802023888,9.835875908,9.674138635,9.835875908,137800
11-09-2020,12.46880817,12.46880817,11.0959223,11.28775019,783600
14-09-2020,12.72081852,13.13757455,12.35596903,12.78852258,252400
15-09-2020,12.14909649,12.82049388,11.84819035,12.70953533,158400
16-09-2020,12.46128368,13.03526144,12.100195,12.100195,132200
17-09-2020,12.50266171,12.78099932,11.3027965,12.7170574,241600
18-09-2020,13.45197868,13.45197868,12.57710746,12.88474936,208400
21-09-2020,13.29441738,13.58591045,12.96747247,13.42046803,136800
22-09-2020,12.10874939,13.31017098,11.8881608,13.30623106,182200
23-09-2020,11.96300507,13.0580713,11.96300507,12.19541046,114800
24-09-2020,12.36873245,12.60113863,11.91179844,11.91179844,100600
25-09-2020,12.61295319,12.80005916,12.27025238,12.28994826,63000
28-09-2020,13.59378529,13.76710603,13.03719314,13.14472972,272800
29-09-2020,13.19593906,13.80649714,13.0068631,13.80649714,356200
30-09-2020,13.2825985,13.84194799,13.12897438,13.25502501,294000
01-10-2020,13.1565485,13.58984738,12.83354355,13.58984738,140400
02-10-2020,13.46379662,13.56424373,12.94620102,13.01867946,82200
05-10-2020,13.84588814,14.05190187,13.45197953,13.48349144,255200
06-10-2020,13.71589947,14.03890445,13.6174223,13.94042728,106400
07-10-2020,14.08223438,14.14132128,13.04507312,13.79074132,185600
08-10-2020,14.20040512,14.22010025,13.86006871,14.22010025,114200
09-10-2020,14.5746212,14.75188041,14.18465095,14.27918969,126600
12-10-2020,14.5746212,14.75188041,14.02708837,14.5746212,136200
13-10-2020,14.71642494,14.7715719,14.05662836,14.57461761,60600
14-10-2020,14.6494627,14.79127006,14.58643737,14.64552427,83400
15-10-2020,14.7321806,14.8109611,14.07238256,14.46432266,98200
16-10-2020,14.26342773,14.8089919,14.1807073,14.77157011,137400
19-10-2020,14.25949574,14.76763834,14.22010396,14.34615463,121400
20-10-2020,13.36925793,14.61046436,13.17624355,14.42887307,184200
21-10-2020,13.20381832,13.78680295,12.88711543,13.3495641,118000
22-10-2020,12.98716831,13.27865986,12.89656951,13.05807199,51200
23-10-2020,13.27078342,13.29441849,12.95171834,13.08564736,51600
26-10-2020,12.34115696,13.05019292,11.96851974,13.01867951,103200
27-10-2020,12.59325886,12.83748254,12.30176656,12.30176656,38800
28-10-2020,12.30964279,12.55780486,12.0496632,12.31752114,73800
29-10-2020,12.36873245,12.51802373,12.03745541,12.191474,82000
30-10-2020,12.24268055,12.5262945,12.07723889,12.40418303,63000
02-11-2020,11.80938053,12.43569531,11.65181723,12.43569531,110600
03-11-2020,12.05754471,12.26631582,11.32093516,11.32093516,116000
04-11-2020,11.74241638,12.04966539,11.45092408,11.81725923,105400
05-11-2020,11.82119846,12.16389856,11.66166519,11.79362498,92800
06-11-2020,11.38395882,11.87240541,11.27760331,11.85664945,76600
09-11-2020,10.5646286,11.83301478,10.35191835,11.48243562,139000
10-11-2020,11.62818336,11.78574667,10.68280277,10.89945222,157400
11-11-2020,12.46326828,13.58984715,11.81725839,13.51106513,291400
12-11-2020,11.82119846,12.65628512,11.42335064,12.36873124,134400
13-11-2020,12.0654211,12.59798605,11.97876148,12.0575435,150800
16-11-2020,12.24661732,12.49477938,12.14026182,12.24267814,190400
17-11-2020,12.35297394,12.61689198,12.29388705,12.32933888,171600
18-11-2020,12.24661732,12.40811977,12.21904384,12.35297281,105000
19-11-2020,12.19147301,12.71537073,12.01027464,12.71537073,164600
20-11-2020,12.63855934,12.72549304,12.241146,12.241146,116600
23-11-2020,12.41915703,12.73791558,12.34464196,12.73791558,69400
24-11-2020,12.27012634,12.36120066,11.63261005,12.36120066,129000
25-11-2020,12.51022911,12.56404589,12.22044929,12.22044929,67400
27-11-2020,12.60958481,12.6783043,12.51023164,12.51023164,36000
30-11-2020,12.66340065,12.98629902,12.25812212,12.25812212,141200
01-12-2020,12.26598454,13.1353255,11.94101672,12.8414059,217000
02-12-2020,12.16663265,12.55990623,12.0383016,12.27840524,71400
03-12-2020,11.78577805,12.23700742,11.59535138,12.15421352,62600
04-12-2020,11.81061935,11.99690625,11.59535376,11.88099461,133200
07-12-2020,12.46055317,12.62200194,11.98862471,11.98862471,182800
08-12-2020,12.40259743,12.52264965,12.11695739,12.47297268,101600
09-12-2020,12.41087723,12.61786318,12.27012672,12.32808332,75600
10-12-2020,12.59302711,12.65926257,12.25357023,12.42743849,83600
11-12-2020,12.52264881,12.64270103,12.16249294,12.55162672,78600
14-12-2020,12.26598454,12.82070683,12.2287278,12.55576512,108400
15-12-2020,12.605443,12.67995727,12.05072067,12.39845708,114000
16-12-2020,12.88694477,13.19328467,12.44606527,12.63442245,94800
17-12-2020,13.09393215,13.22640384,12.85300097,13.04011615,83600
18-12-2020,12.75861359,13.1518872,12.55162764,13.08979157,148200
21-12-2020,13.060812,13.13532706,12.70065692,12.80001007,123600
22-12-2020,11.83545685,13.6900508,11.74438331,13.04839466,906200
23-12-2020,11.63260841,12.17491128,11.21035696,12.00932271,169400
24-12-2020,11.57051373,11.76922003,11.45874113,11.62432972,39600
28-12-2020,10.74670982,11.68228638,10.59354067,11.68228638,220400
29-12-2020,10.38241386,10.81294496,10.38241386,10.76326799,168200
30-12-2020,10.58526134,10.87090218,10.42381256,10.56870288,160400
31-12-2020,10.61837864,10.90070792,10.49004758,10.58112111,238200
04-01-2021,11.04063129,11.11100655,10.70117444,10.70117444,174200
05-01-2021,11.14412403,11.23105775,11.00958284,11.17724175,158000
06-01-2021,11.49186039,12.02174472,11.13998411,11.13998411,175800
07-01-2021,11.81889629,11.92652907,11.28363098,11.67524801,142000
08-01-2021,11.69056606,11.96378745,11.28073399,11.85615466,174800
11-01-2021,11.41734409,11.85822435,11.21449797,11.69884509,144200
12-01-2021,11.7195425,11.75680003,11.4877185,11.75680003,45600
13-01-2021,11.69470692,11.83959725,11.50428021,11.66158919,122800
14-01-2021,11.96378613,12.16663223,11.71540286,11.71540286,117600
15-01-2021,11.8064785,11.89341222,11.52083767,11.89341222,111000
19-01-2021,11.64089012,11.95550807,11.42562454,11.95550807,83600
20-01-2021,11.69056606,11.83545638,11.49599956,11.78163959,74400
21-01-2021,11.62433147,12.05693216,11.38836761,12.05693216,87600
22-01-2021,11.84373569,11.88513225,11.33454968,11.58293297,56400
25-01-2021,11.54567719,11.91038668,11.45046383,11.87685521,88400
26-01-2021,11.85201359,11.8561534,11.42976291,11.7981976,98200
27-01-2021,11.33455181,11.75266358,11.18552244,11.68642813,155000
28-01-2021,11.58293247,11.99773261,11.40906426,11.52083685,120200
29-01-2021,11.83131599,12.05486118,11.60694332,12.05486118,85600
01-02-2021,13.83080101,14.87152633,12.62614285,12.62614285,614000
02-02-2021,12.79173183,14.43934063,12.74619546,14.43934063,196200
03-02-2021,13.5824194,13.61967693,12.79587211,12.79587211,105800
04-02-2021,14.10816193,14.10816193,13.58241747,13.58241747,123800
05-02-2021,13.8680582,14.42898992,13.52032176,14.36068418,142000
08-02-2021,14.86987209,14.90299061,14.29445132,14.47659999,190400
09-02-2021,15.29626369,15.54464623,14.0916054,14.7332616,290600
10-02-2021,12.62614059,14.21579246,12.22872802,13.97568804,755800
11-02-2021,12.56197643,13.14360721,12.48125204,13.14360721,225200
12-02-2021,12.52264881,12.7362586,12.24942745,12.53092844,152000
16-02-2021,12.45641518,13.07737306,12.45227536,12.7337764,181000
17-02-2021,12.30324364,12.63856142,12.26598611,12.48953129,122000
18-02-2021,11.94722748,12.39638654,11.93480804,12.31566216,171000
19-02-2021,11.97206593,12.30696916,11.86029334,12.01346327,143200
22-02-2021,12.00932503,12.3612013,11.87685414,12.05900121,148200
23-02-2021,11.57879162,12.00932269,11.32212953,12.00932269,232800
24-02-2021,11.44218254,11.54567551,10.99923275,11.40906482,343200
25-02-2021,11.26831532,11.50427997,10.86262303,11.37594811,211600
26-02-2021,11.7733593,12.54334638,11.76507967,12.54334638,442800
01-03-2021,12.33635998,12.39845638,11.79819693,11.80233674,254200
02-03-2021,11.95136929,12.46883417,11.90997194,12.39845891,245800
03-03-2021,11.86029339,12.08797838,11.23105598,12.00104388,650000
04-03-2021,11.7361021,12.78759019,11.54567464,12.06727927,2739600
05-03-2021,11.7195425,12.15835322,11.56637337,11.87271243,1377800
08-03-2021,12.94904137,13.29884734,11.64502924,11.71954431,646000
09-03-2021,12.88280582,13.16844587,12.63442253,13.16430605,227000
10-03-2021,13.92601109,13.97775756,13.00285416,13.02769225,363400
11-03-2021,15.22174644,15.52394573,13.89703609,14.07504413,426000
12-03-2021,15.18449116,15.519809,14.51385704,15.21346907,199800
15-03-2021,14.91126633,15.51152583,14.24477139,15.51152583,310800
16-03-2021,14.89056778,14.98578111,14.6049262,14.90298643,126600
17-03-2021,15.27556229,15.31695884,14.55111153,14.59250808,139600
18-03-2021,15.84270287,16.5381757,15.73093028,16.05382781,333000
19-03-2021,16.45124435,16.59613389,16.14904347,16.23183817,529200
22-03-2021,16.41398239,16.53817361,16.17387799,16.50919572,195200
23-03-2021,15.30453873,16.38500543,15.16378824,16.38500543,325800
24-03-2021,14.35654449,15.71023269,14.21993302,15.46598923,232400
25-03-2021,15.02717781,15.25072299,13.98810916,14.30272707,150000
26-03-2021,15.29211998,15.42873145,14.60906736,15.15136948,120600
29-03-2021,14.94852448,15.49910624,14.79949435,15.27970166,114000
30-03-2021,14.86987209,15.08099868,14.75810105,14.94438717,109400
31-03-2021,14.90299034,15.1795233,14.79121772,14.8657328,288200
01-04-2021,14.64632797,15.07271857,14.34826766,14.83261566,161400
05-04-2021,14.53455162,14.87069687,14.45299817,14.69600039,99000
06-04-2021,14.61320591,14.62562614,14.33998455,14.53455183,179400
07-04-2021,15.32523918,15.557064,14.45589729,14.69186271,232800
08-04-2021,16.06210709,16.14490177,15.42045105,15.50324573,135600
09-04-2021,16.02070999,16.14490122,15.73920902,16.14490122,81800
12-04-2021,15.78474808,16.09936601,15.78060747,16.05796945,67600
13-04-2021,15.68539524,16.08280789,15.43701273,15.83028636,92400
14-04-2021,15.78474808,15.90893932,15.54878423,15.59846042,55200
15-04-2021,15.63572121,15.91101294,15.53636724,15.83028853,95200
16-04-2021,15.43287086,15.67711433,15.21346628,15.67711433,123200
19-04-2021,14.89884663,15.47426721,14.81605195,15.42458945,101400
20-04-2021,14.62562466,14.95266118,14.14541585,14.82433093,125000
21-04-2021,14.9381752,15.11618324,14.50557534,14.63804621,95800
22-04-2021,15.27556229,15.40389255,14.82019229,14.99406129,114200
23-04-2021,15.34179688,15.50945496,15.23002429,15.50945496,57600
26-04-2021,15.61087513,15.72099272,15.34179443,15.50738219,47600
27-04-2021,15.56120396,15.76611961,15.34179935,15.34179935,124400
28-04-2021,15.5777607,15.61501822,15.21760406,15.52394392,84400
29-04-2021,15.61501598,15.79964704,15.39147084,15.73092758,54600
30-04-2021,15.42873287,15.55706473,15.23002655,15.49496831,60800
03-05-2021,16.02484894,16.40570384,15.45770798,15.52394341,182400
04-05-2021,15.86753845,16.30013819,15.48254459,16.19871555,113000
05-05-2021,16.5381794,16.54645903,15.95240872,16.24839872,108000
06-05-2021,15.73507214,16.70293901,15.65020871,16.60027352,129400
07-05-2021,16.32291222,16.4893291,15.77646943,15.77646943,69000
10-05-2021,16.60027504,17.5234339,15.77233112,15.77233112,169200
11-05-2021,16.4885025,17.34956328,16.21776356,16.2401184,271200
12-05-2021,16.25667191,17.01838004,16.02898774,16.45537817,181000
13-05-2021,18.80259895,19.04270336,17.0887559,18.6701281,803800
14-05-2021,19.92032623,20.51644675,19.23313298,19.25383126,753400
17-05-2021,22.50351334,23.07893404,20.47505034,20.49988922,896400
18-05-2021,22.22201347,23.60467979,22.05642407,22.9340457,599000
19-05-2021,21.46030045,22.28410511,20.63649578,21.85771304,738600
20-05-2021,23.32731056,23.51359819,21.38247183,21.82459405,672000
21-05-2021,22.82226944,23.85637004,22.56146672,23.64193355,390000
24-05-2021,22.16819191,22.86159443,21.91070232,22.82226818,359400
25-05-2021,21.91981316,22.66082326,21.86185734,22.04814344,213600
26-05-2021,21.9653511,22.26755042,21.5596588,22.1267999,196800
27-05-2021,21.3816452,22.35075307,21.14568139,22.22614652,284400
28-05-2021,22.07298088,22.1280389,21.39820626,21.48514156,222000
01-06-2021,22.55732918,23.1480663,21.72110576,22.50765141,387800
02-06-2021,21.89083099,22.94645885,21.67142485,22.76845084,326200
03-06-2021,20.98837471,21.89911317,20.89730039,21.89911317,237800
04-06-2021,21.01735115,21.15810164,20.63649622,21.15810164,221600
07-06-2021,21.30299377,21.57621517,20.84762531,21.1995008,209400
08-06-2021,20.94697189,21.35680466,20.8931567,21.30298788,147000
09-06-2021,20.75655174,21.19950157,20.37569834,20.87660398,269800
10-06-2021,20.34257507,20.98009206,20.32601582,20.76896554,300600
11-06-2021,19.78785324,20.67168399,19.6305435,20.49160567,272000
14-06-2021,19.95344353,20.28462069,19.70630228,19.90376735,279800
15-06-2021,20.37569809,20.44607256,19.66366589,19.8830705,167400
16-06-2021,20.90558052,21.01735312,19.76715782,19.96586414,427000
17-06-2021,20.00726318,21.19577587,19.93274811,20.81036812,287800
18-06-2021,20.08177567,20.36741728,19.54526908,20.36120795,577800
21-06-2021,21.10842514,21.11256416,19.78826768,20.07763455,230200
22-06-2021,20.92627716,21.01735147,20.63235752,21.01735147,139200
23-06-2021,20.2846241,21.25745748,20.13559396,21.05047152,179200
24-06-2021,20.42123222,20.56860579,19.86236928,20.52058458,268800
25-06-2021,20.16871262,20.72757408,19.90377084,20.53300677,1152800
28-06-2021,19.61812401,20.50816404,19.11514819,20.34671528,180600
29-06-2021,18.98474884,20.00104889,18.83571873,20.00104889,202200
30-06-2021,19.24969292,19.3863044,18.59561657,18.86883954,181800
01-07-2021,19.37387848,19.51462894,19.00130483,19.26210591,104200
02-07-2021,19.03442574,19.76094678,18.86469734,19.37388253,88800
06-07-2021,19.37387848,19.49558723,18.86055437,19.03856236,150800
07-07-2021,19.20415878,19.54568596,18.95163564,19.37802783,167200
08-07-2021,18.59147835,19.05926705,18.42174993,18.99717063,159200
09-07-2021,18.97233009,19.10893998,18.58650709,19.10893998,90200
12-07-2021,19.22485352,19.50635452,18.70324964,18.94749311,145600
13-07-2021,18.81916046,19.60156703,18.69083019,18.87504755,138800
14-07-2021,18.39276886,19.25176074,18.38862826,19.04270452,100800
15-07-2021,18.46728325,18.77362151,17.80492739,18.63701163,150600
16-07-2021,18.28927994,18.94335476,18.10920158,18.80053552,110000
19-07-2021,18.17336845,18.21476502,17.46961585,17.74283727,145600
20-07-2021,19.03028679,19.13791878,18.05745198,18.11954839,131200
21-07-2021,19.59328651,19.70091849,18.42174553,18.42174553,108400
22-07-2021,19.53947258,19.75887717,19.22071405,19.52705235,82200
23-07-2021,19.59328651,19.85822822,19.15364834,19.78785219,77000
26-07-2021,20.2929039,20.84762634,19.59329192,19.59329192,178400
27-07-2021,20.18526649,20.51230463,19.61812551,20.24322388,116600
28-07-2021,20.34257507,20.52886271,19.81269165,20.3218768,78200
29-07-2021,21.09186935,21.48514299,20.4502132,20.56198423,98200
30-07-2021,21.08773041,21.69626968,20.77104212,20.99251705,167400
02-08-2021,20.80208588,21.64741634,20.68617426,21.46858082,138600
03-08-2021,21.34025192,21.4437449,20.54956563,20.97181717,70600
04-08-2021,21.26573753,21.57621648,21.13368039,21.34025261,88200
05-08-2021,21.15396118,21.65072772,20.98009376,21.31955056,95800
06-08-2021,21.21191978,21.39406684,20.79877539,21.28229425,91400
09-08-2021,20.53300285,21.48099876,20.45062349,21.48099876,270000
10-08-2021,20.7606926,20.89730251,20.28876328,20.45021365,105800
11-08-2021,20.87246132,20.94697638,20.52472646,20.94697638,136400
12-08-2021,20.74827385,21.0794511,20.44193549,20.78139236,163400
13-08-2021,20.74827385,20.95401859,20.47919303,20.89316498,92000
16-08-2021,20.76482773,21.06288796,20.16042921,20.50816563,111000
17-08-2021,20.2183876,20.62822048,19.38506197,20.62822048,245000
18-08-2021,19.60156631,20.19354618,19.56844939,20.13145135,124600
19-08-2021,19.00544548,19.42769691,18.6287312,18.99302683,133800
20-08-2021,19.55189133,19.62640639,19.01331446,19.2331328,144000
23-08-2021,19.8665123,20.15629137,19.496421,19.74231946,82000
24-08-2021,20.09005356,20.21424638,19.68022231,19.8499507,72400
25-08-2021,19.97828102,20.23908373,19.94102349,20.04451645,48800
26-08-2021,19.57672882,19.95758216,19.3945802,19.93688388,61200
27-08-2021,20.01553917,20.01760947,19.59742828,19.59742828,75400
30-08-2021,20.11075401,20.5288649,19.89962748,20.03623895,209200
31-08-2021,20.08177567,20.48746951,19.99898255,20.08177567,57200
01-09-2021,20.26806259,20.34671826,19.88927795,20.19768813,77800
02-09-2021,20.45435333,20.53300743,20.10247782,20.32602146,94800
03-09-2021,20.51644516,20.65553909,20.12110129,20.36327444,151800
07-09-2021,20.47091103,20.84348479,20.12731359,20.58268363,195200
08-09-2021,20.37569809,20.67375679,19.92032804,20.61166195,285800
09-09-2021,21.54309845,22.15577668,20.42537398,20.46263152,431600
10-09-2021,24.13042259,25.25228607,22.77259368,24.01037036,1027800
13-09-2021,24.14698029,24.21942505,22.81399034,24.01036881,570200
14-09-2021,23.79924202,24.96250189,23.63406639,24.01036697,331800
15-09-2021,24.48643684,24.64788562,23.92757387,24.22977315,229200
16-09-2021,25.28954124,25.39634575,23.70816885,24.58992936,371800
17-09-2021,24.56624985,25.56216716,23.89431598,24.76312184,540000
20-09-2021,24.04411125,24.6090493,23.32081978,23.89431769,317800
21-09-2021,24.51917648,24.68180905,23.50014749,24.22814756,224600
22-09-2021,24.71604156,25.28097953,24.41645286,24.82303742,229200
23-09-2021,25.20822525,25.55917154,24.81447964,24.8230395,188200
24-09-2021,24.36937523,25.22962281,24.14254454,24.84229671,175000
27-09-2021,24.71604156,25.05414885,24.34326871,24.39933313,103000
28-09-2021,24.54057121,24.89151751,23.97135244,24.81448036,148000
29-09-2021,24.89579391,25.03702922,24.15538282,24.78451895,99200
30-09-2021,25.68756866,26.1925893,24.81020286,25.03703358,256600
01-10-2021,26.92871475,26.95867509,25.34517748,25.89299571,174600
04-10-2021,26.50929451,27.45513918,26.23495761,27.06139356,159200
05-10-2021,27.28822327,27.47653539,26.50073368,26.71472539,159400
06-10-2021,27.53645515,28.03291755,26.71472767,26.87308273,188200
07-10-2021,28.97447968,29.23769186,27.66142931,27.85316507,290800
08-10-2021,29.53941727,29.9588425,28.68345034,29.2013132,199600
11-10-2021,28.48657608,29.5308567,28.32394355,29.49661724,149800
12-10-2021,27.8788414,28.39242023,27.84374644,28.39242023,149000
13-10-2021,28.91455841,29.10287216,27.93019852,27.98797393,144800
14-10-2021,29.17991447,30.0829599,28.46946031,29.33826954,193000
15-10-2021,29.44526291,30.24131239,28.70913085,29.6763711,244400
18-10-2021,29.31258774,30.41721365,29.05066206,29.81333089,119000
19-10-2021,28.82468224,30.33118568,28.47373597,29.53513627,136600
20-10-2021,28.99159813,29.10715549,28.48657753,28.77332892,75400
21-10-2021,28.65777206,28.91884224,27.89168128,28.73480922,93400
22-10-2021,29.06435585,29.15850946,28.31795135,28.72624855,85200
25-10-2021,29.92032242,30.48953788,29.12855048,30.24772947,166000
26-10-2021,30.31834221,31.35406451,29.64213092,30.19850738,133400
27-10-2021,30.63077927,30.74205589,29.97168428,30.0829609,105400
28-10-2021,31.14007568,31.72213342,30.50237801,30.51093951,182600
29-10-2021,32.09447479,32.32558622,30.27126783,31.5124171,210400
01-11-2021,31.97036743,32.85843519,31.84197434,32.85843519,166200
02-11-2021,32.89480591,32.95472333,31.46533959,31.80772763,156000
03-11-2021,33.8106842,34.11027124,32.66796946,32.90335834,152800
04-11-2021,33.2585907,34.63455907,33.19011505,34.23867311,162800
05-11-2021,30.79769135,32.68510009,28.88888538,32.68510009,458600
08-11-2021,28.77332878,30.72921302,28.27258566,30.6607341,393600
09-11-2021,29.50089645,30.06155367,28.74764474,28.7818842,170600
10-11-2021,29.96739769,30.26056855,29.23126895,29.372501,172000
11-11-2021,31.05447197,31.30270311,30.06797018,30.37397999,171800
12-11-2021,32.15867615,32.40262658,31.15719644,31.15719644,171600
15-11-2021,31.89760971,32.4244586,31.24279548,32.05596478,119200
16-11-2021,31.48674393,32.09447967,31.15719809,31.81201228,102200
17-11-2021,30.91325569,31.5124301,30.39539268,31.48675213,79600
18-11-2021,29.83900833,30.70781426,29.42814459,30.70781426,193200
19-11-2021,28.69200897,29.95883951,28.69200897,29.87324413,109200
22-11-2021,29.80048561,30.15571265,28.72196878,28.72196878,225000
23-11-2021,29.89464569,30.09579845,29.26123196,29.61217829,173800
24-11-2021,30.04015923,30.17283305,29.20773155,29.75340783,116600
26-11-2021,30.26698494,30.51949356,29.21842371,29.21842371,100800
29-11-2021,30.63505745,31.19571475,30.23275194,30.52378083,154800
30-11-2021,29.63785172,30.80624788,28.97019863,30.19850895,549800
01-12-2021,28.52937889,30.63077597,28.37958207,30.37398655,168400
02-12-2021,27.08707047,28.58929315,26.53497147,28.52509499,390800
03-12-2021,26.29958153,27.30962266,25.46629678,27.15982748,253800
06-12-2021,26.93727684,27.03571283,25.98287398,26.29530169,113400
07-12-2021,27.27110672,28.24904723,27.04855512,27.3823817,171800
08-12-2021,28.4822979,28.9145588,27.3267407,27.3267407,199800
09-12-2021,26.53925133,28.62353014,26.44081534,28.46517836,157600
10-12-2021,26.11126709,26.87307867,25.91439511,26.68048581,149800
13-12-2021,25.64048958,26.23110722,25.30794624,26.09415264,131000
14-12-2021,25.02419472,25.77744493,24.89579837,25.34518233,165400
15-12-2021,25.51209068,25.58056796,24.65184314,25.20394211,262000
16-12-2021,25.13974571,27.4594166,25.05842782,25.91867537,130600
17-12-2021,25.36229706,25.55061081,24.69892308,25.06698908,143400
20-12-2021,24.82304001,25.15258746,23.7830401,25.15258746,182600
21-12-2021,25.25102234,25.26172258,24.79093983,25.21678288,145000
22-12-2021,25.37941933,25.53349364,24.64542761,24.64542761,212800
23-12-2021,26.32953835,26.47077202,25.20608195,25.6426252,139800
27-12-2021,26.23966599,26.81744299,25.8202424,26.32098225,80600
28-12-2021,25.63406944,26.91160033,25.51637334,26.18830724,87400
29-12-2021,25.18682289,25.84591773,25.07982704,25.69184344,76600
30-12-2021,25.98715973,26.10699459,25.03275668,25.03275668,98000
31-12-2021,26.1497879,26.59489108,25.39268639,25.98715537,112800
03-01-2022,25.34089851,26.61842931,25.04559053,26.14978694,180400
04-01-2022,25.31950188,26.25507409,24.75456383,25.58913192,127600
05-01-2022,24.51917648,26.10271585,24.43357945,25.42222198,93400
06-01-2022,24.15110779,24.8187626,23.30797981,24.50633323,130600
07-01-2022,24.09547043,24.60049108,23.87719956,24.33514177,93000
10-01-2022,24.81020355,24.82304253,23.53909206,23.91571799,150200
11-01-2022,25.21250343,25.31093942,24.12114603,24.60048701,139800
12-01-2022,25.24674416,25.38369873,24.93774006,25.32806042,116400
13-01-2022,25.2638588,25.66188348,24.54270783,25.22962097,131800
14-01-2022,25.14402962,25.30152755,24.6989264,25.16114935,133800
18-01-2022,25.35802078,25.64904967,24.38607035,25.22962607,222800
19-01-2022,25.76888657,25.99357856,24.95143813,25.57201454,200200
20-01-2022,25.2767067,27.20263249,25.10123352,25.8416448,235000
21-01-2022,24.57480812,25.30238029,24.43999393,24.98139271,253200
24-01-2022,25.44361496,25.58056953,23.72098102,24.07406767,280000
25-01-2022,25.31521988,25.46501342,24.18705491,25.20394328,193000
26-01-2022,25.40081215,26.28245847,24.81875614,25.50352888,170000
27-01-2022,25.16970825,25.85918964,25.02847292,25.5848511,137200
28-01-2022,25.25958252,25.4008162,24.47637205,25.39225797,122400
31-01-2022,26.49217415,26.53925095,24.96427348,25.30237914,138000
01-02-2022,27.38237762,27.74188374,25.89299559,26.71900368,156200
02-02-2022,27.52789116,27.64772598,26.74896153,27.61348653,108000
03-02-2022,27.03999901,27.60493713,26.61843498,27.4080651,128600
04-02-2022,26.96723366,27.19834509,26.25250215,26.91587611,102000
07-02-2022,28.58929443,28.64921185,26.76180336,26.76180336,250600
08-02-2022,29.59506035,29.61645756,28.28328985,28.67489515,342000
09-02-2022,31.67078018,31.67078018,30.03588328,31.02880491,503400
10-02-2022,32.12015915,32.95472557,30.69369024,31.32838716,448400
11-02-2022,32.08163834,32.46981832,31.73240304,32.09875807,328800
14-02-2022,31.46534157,32.74073368,31.31041177,32.31275023,260200
15-02-2022,31.45678329,32.18007636,31.13151496,32.00032083,161200
16-02-2022,31.53382301,31.97892623,31.34123175,31.49958355,130400
17-02-2022,30.50237465,31.8637897,30.45957696,31.27274605,160800
18-02-2022,30.18139076,30.82251043,29.53085737,30.33974581,201400
22-02-2022,29.21842766,30.1771129,29.12512954,29.89464227,161200
23-02-2022,28.40526009,29.6656711,28.39669859,29.28262412,173800
24-02-2022,29.11571312,29.17135306,27.49365548,27.9344779,168400
25-02-2022,30.18567467,30.32262925,28.60941207,29.10287697,165000
28-02-2022,30.68641281,30.84904862,29.53513952,29.86468535,185400
01-03-2022,30.42106819,31.06946294,30.23660741,30.82337046,219200
02-03-2022,31.84625626,32.09876497,30.42107031,30.66074004,335800
03-03-2022,33.28427124,33.41266758,31.65665286,32.09875853,294400
04-03-2022,32.43686676,33.1537371,32.11587917,32.95472635,215200
07-03-2022,30.39538383,32.62518053,30.30978845,32.5267429,435000
08-03-2022,30.60509872,31.75637203,30.33118957,30.50238034,214400
09-03-2022,31.97036743,32.29777456,31.18716008,31.18716008,190200
10-03-2022,31.4097023,32.01101847,30.96031841,31.37546284,174200
11-03-2022,29.99307442,32.45397872,29.8347194,32.27850397,268400
14-03-2022,29.71060944,30.9624623,29.41530308,30.42534099,177800
15-03-2022,29.62500763,30.24130469,29.05365026,29.5779292,301200
16-03-2022,31.17858887,31.27274573,29.56295094,30.04443225,503400
17-03-2022,31.83768654,31.83768654,30.71209131,31.21711188,338400
18-03-2022,31.90616798,32.31703171,31.37546615,31.83340831,386200
21-03-2022,34.70945358,34.7329928,32.13385041,32.57809805,504800
22-03-2022,33.62665939,35.5226262,32.75785352,35.26583678,378400
23-03-2022,33.87061691,35.52263363,33.60526594,33.60526594,213400
24-03-2022,34.2429657,34.85498232,33.60099036,34.0332514,196600
25-03-2022,33.981884,34.43426214,33.66945467,34.08887986,138200
28-03-2022,33.31851196,34.2100016,32.97612715,33.98188764,177600
29-03-2022,35.56113434,35.66813017,33.25858513,33.31850254,356400
30-03-2022,34.07175827,35.7130742,34.00156837,35.56113865,173600
31-03-2022,33.10024643,34.18304756,32.61234544,34.18304756,334400
01-04-2022,34.1830368,34.59817798,33.62665705,33.62665705,176600
04-04-2022,33.63521576,34.74369453,33.20723233,34.23867396,140000
05-04-2022,32.95472336,34.15735572,32.94188438,33.51538059,201600
06-04-2022,32.32131195,32.97184869,32.15439865,32.79637389,176400
07-04-2022,32.39834213,32.85628424,31.94468077,32.3897839,118400
08-04-2022,33.16872025,33.69514137,32.09876153,32.34271198,185400
11-04-2022,32.80064774,33.70369298,32.48822168,33.16871372,100000
12-04-2022,33.40839005,34.18304238,32.96328683,32.96328683,216400
13-04-2022,35.09892654,35.11176553,33.59242285,33.5967036,184400
14-04-2022,35.95489502,36.72526337,35.09892801,35.12032523,305400
18-04-2022,36.83224869,37.23455411,36.00196315,36.30155021,246600
19-04-2022,37.70106125,37.77382092,35.83077563,37.1960439,222400
20-04-2022,37.80805969,38.13332806,37.10616703,37.96213401,190600
21-04-2022,35.03900909,38.17184807,34.50830722,37.94929483,312800
22-04-2022,33.63521576,35.5821139,33.40838507,34.70089684,246800
25-04-2022,33.30995178,33.3698692,32.3812285,33.10023755,159000
26-04-2022,32.41119003,33.17727758,32.00888452,33.07884321,156600
27-04-2022,33.19011688,33.48970398,32.31703028,32.74073297,160000
28-04-2022,33.86632538,33.97760198,32.37694497,33.78501075,139400
29-04-2022,33.72509384,34.97908536,33.41266452,33.69085439,300800
02-05-2022,32.26567841,33.67802538,31.1614801,33.67802538,410200
03-05-2022,32.40691757,33.33992192,31.84197937,32.05597116,252600
04-05-2022,33.14731979,33.24789617,31.06731978,32.67225786,316600
05-05-2022,31.92757034,33.46831038,31.39259094,33.26288012,355000
06-05-2022,30.09579468,32.90336493,29.41530259,32.20575312,450200
09-05-2022,28.22550583,29.81332722,28.1441912,29.41102176,304800
10-05-2022,27.78040504,28.8661968,27.33530027,28.67916956,304000
11-05-2022,26.41513824,28.16131145,26.3381011,27.54501426,233800
12-05-2022,26.27818298,27.29678236,25.51637138,25.9999931,290400
13-05-2022,27.20690536,27.96871532,26.53925065,26.87735794,331600
16-05-2022,26.94155884,27.50221775,25.74020962,27.03999484,204200
17-05-2022,27.81036377,28.10139262,27.18550674,27.42945553,162800
18-05-2022,26.61200905,27.58781072,26.26962264,27.58781072,211800
19-05-2022,27.66913033,28.15275044,26.49217585,26.49217585,192200
20-05-2022,27.06567383,27.90024187,26.40229818,27.90024187,162600
23-05-2022,29.74913406,30.0504322,27.61777479,27.61777479,364600
24-05-2022,30.20707893,30.35259177,28.52082275,29.26979394,298800
25-05-2022,33.33991241,33.63521878,29.79663761,30.2070736,457000
26-05-2022,34.23867035,34.67521196,33.07626603,33.63093473,399000
27-05-2022,33.25003815,34.66666244,33.01892667,34.55966657,301000
31-05-2022,32.53958511,33.34847367,32.00032499,33.34847367,397800
01-06-2022,31.27274704,32.71932976,31.20854888,32.71932976,255800
02-06-2022,32.47966003,32.78780861,31.43580724,31.6878914,336000
03-06-2022,31.67506409,32.56098992,31.42683284,31.85053565,134800
06-06-2022,29.52229881,32.21003426,29.2184277,32.0730797,453600
07-06-2022,29.95883751,30.66929151,29.05151154,30.66929151,282900
08-06-2022,28.98303795,29.93316167,28.52937656,29.50517825,246800
09-06-2022,28.02435684,28.88032371,27.76756417,28.58073335,235000
10-06-2022,28.89744186,29.24838817,27.39094152,27.87028417,246400
13-06-2022,25.99571419,27.90451826,25.85019976,27.85316233,324100
14-06-2022,26.44937515,26.75752374,25.49925307,25.99571377,186500
15-06-2022,27.03999901,27.60493713,26.23538953,26.72329048,182400
16-06-2022,26.78320122,26.96295346,25.7098175,26.38945565,160500
17-06-2022,26.58633423,27.49365878,26.31242505,26.82600557,182500
21-06-2022,27.51077461,27.92163832,26.62056992,26.95439647,146100
22-06-2022,27.37382507,27.96444115,26.8516863,26.8516863,136900
23-06-2022,27.51077461,27.99867547,27.03143362,27.42517923,174200
24-06-2022,28.67489052,28.94879966,27.79324568,27.79324568,172500
27-06-2022,29.34254456,29.53941655,28.35818457,28.67489141,109400
28-06-2022,28.12707138,29.73628998,27.81036456,29.52229827,146900
29-06-2022,27.39093781,28.12706978,27.12558855,27.94731754,87600
30-06-2022,27.60493279,27.73332913,26.31242256,26.79176357,146800
01-07-2022,27.64772987,28.23834912,27.19406847,27.55357299,115200
05-07-2022,23.70172501,27.58781406,23.44151033,27.58781406,418800
06-07-2022,23.27373886,23.77447868,22.09164821,23.51340853,539600
07-07-2022,24.36081505,24.60048635,23.17102168,23.53908768,502100
08-07-2022,23.94995308,24.82646331,23.76164095,24.35225856,173600
11-07-2022,24.51489067,24.67752483,23.21382227,23.21382227,206300
12-07-2022,23.91571617,24.82304065,23.753082,24.30946017,102900
13-07-2022,24.08690834,24.43785464,23.19413548,23.35077791,140500
14-07-2022,23.91571617,24.00131319,22.91423481,23.89003658,125100
15-07-2022,24.55768967,24.61332634,23.72740077,24.44641306,109800
18-07-2022,25.07982635,25.70896247,24.9428718,25.09694608,129100
19-07-2022,26.22682762,26.5563751,24.5987797,25.29382349,195300
20-07-2022,25.84164429,26.30386562,24.76312567,26.30386562,180200
21-07-2022,25.2681427,25.76460343,24.87439709,25.70468601,142700
22-07-2022,24.18962669,25.35374229,23.88147806,25.2595854,144300
25-07-2022,24.65184784,24.9771162,23.89859763,24.38649854,79400
26-07-2022,24.52345276,24.88295894,24.09119017,24.51489289,99200
27-07-2022,26.13266945,26.13266945,24.31801894,24.76312211,125900
28-07-2022,25.79883957,26.65480639,25.43077357,26.13266774,92300
29-07-2022,25.93579483,26.29530097,25.21678255,25.96147442,96100
01-08-2022,26.18402863,26.42369995,25.41365871,25.77316489,98300
02-08-2022,26.73184586,27.3395832,25.41964942,26.18402756,134800
03-08-2022,27.74188614,28.24690672,26.80888212,27.0314337,232900
04-08-2022,28.66632843,28.92311781,27.41661447,27.74188276,240000
05-08-2022,28.11850548,28.21266234,26.44937135,28.21266234,186900
08-08-2022,28.78616714,28.8546428,28.02435714,28.64065108,142000
09-08-2022,29.20559502,29.48806571,28.34962796,28.96592529,231000
10-08-2022,30.09579468,30.72921159,29.65069152,29.95884011,227700
11-08-2022,30.38682747,30.90040635,29.7705302,30.3953857,164400
12-08-2022,30.55373573,30.92009074,30.08723538,30.60081417,130800
15-08-2022,30.04443359,30.36114366,29.29546264,30.07011482,141200
16-08-2022,30.2926712,30.55802215,29.22271247,30.03588176,107600
17-08-2022,30.20707893,30.45958765,29.65069903,29.9074885,91300
18-08-2022,30.55801773,30.82336537,29.67636964,30.25842737,144800
19-08-2022,29.91604614,30.14715762,29.52230212,30.07867869,132000
22-08-2022,28.61497879,29.51374354,28.35390858,29.11143798,154600
23-08-2022,28.92311859,29.44525886,28.44377601,28.61497002,223200
24-08-2022,30.48953819,30.7120914,28.86320314,28.86320314,223500
25-08-2022,31.73925209,31.76493005,30.12575276,30.74632742,176300
26-08-2022,31.37974548,32.51818299,31.11011709,31.49958032,239400
29-08-2022,31.16575813,31.84197284,30.60937828,30.99456408,180500
30-08-2022,30.21562576,31.89331982,30.01019557,31.50813739,174700
31-08-2022,26.45793533,30.33118665,25.0669892,29.91604221,1305500
01-09-2022,23.95851326,26.34666169,23.55192866,26.34666169,642200
02-09-2022,24.7460022,25.21678332,24.02698989,24.2666612,263100
06-09-2022,23.92427635,24.90007813,23.74452245,24.78880151,346600
07-09-2022,24.6689682,24.82304252,23.76164366,23.85580055,168000
08-09-2022,25.45645523,25.58484994,24.05694916,24.62616793,325800
09-09-2022,25.73103714,26.03219228,25.26159072,25.49188592,179000
12-09-2022,25.73103714,26.43963816,25.46531281,25.70446572,180700
13-09-2022,25.15530014,25.69560819,24.89843351,24.90729122,185700
14-09-2022,24.73899651,25.73103551,24.38469686,25.14644067,117200
15-09-2022,23.6849556,25.03129605,23.57866654,24.61499414,137700
16-09-2022,22.49804688,23.48122979,21.94002519,23.35722535,446500
19-09-2022,22.82577515,23.30850891,22.18803414,22.18803414,115000
20-09-2022,21.31114578,22.5423395,21.16942591,22.40061963,185400
21-09-2022,21.63887215,21.92231187,21.00113108,21.62115674,246700
22-09-2022,22.89664078,23.24208278,21.95774613,22.16146825,263100
23-09-2022,23.46351814,23.50780666,21.55915591,22.09946397,256700
26-09-2022,22.60434341,23.85325095,22.50691036,23.28637141,209000
27-09-2022,23.73810005,23.91525073,22.8169209,22.94978307,151100
28-09-2022,24.86300278,24.93386271,23.47237552,23.47237552,175400
29-09-2022,25.08444214,25.11101525,24.14111783,24.48213181,161300
30-09-2022,25.14644241,26.03219243,24.4821299,25.04015336,501200
03-10-2022,25.88161659,26.12962722,25.22616174,25.86390287,159200
04-10-2022,26.28020287,26.7939378,25.84618556,26.3510628,151100
05-10-2022,26.12962723,26.24477399,25.52731691,25.90818971,101400
06-10-2022,26.07611847,26.45067291,25.99585668,26.01369301,92600
07-10-2022,25.16648483,26.00477363,24.94799575,25.86208639,97600
10-10-2022,24.97028732,25.30916905,24.70274921,25.21999081,59300
11-10-2022,24.36387062,25.34484673,24.07849612,24.88111232,132700
12-10-2022,24.25685501,24.86327494,24.06957694,24.47088587,57900
13-10-2022,25.13973045,25.19323774,23.44531834,23.98931276,92900
14-10-2022,23.5790844,25.43401983,23.52557542,25.13972724,73500
17-10-2022,24.57789993,25.03271615,24.36386907,24.36386907,99500
18-10-2022,25.29133224,25.63021394,24.95334186,25.0862179,86200
19-10-2022,24.67599678,25.03271486,24.27468788,24.97920757,59600
20-10-2022,24.88110924,25.37159808,24.62248927,24.83652012,58200
21-10-2022,25.3716011,25.47415746,24.649245,24.97029216,113500
24-10-2022,25.61238289,25.88705659,24.99704482,25.5588756,66900
25-10-2022,25.68372917,26.34365984,25.59900915,25.65697638,192800
26-10-2022,26.3525753,26.53093521,25.69264636,25.94234989,149400
27-10-2022,26.47742653,26.9812901,26.37932841,26.68253922,128100
28-10-2022,26.86089516,27.3290877,26.3347354,26.66469896,136900
31-10-2022,27.11952209,27.19086572,26.34366036,26.7003785,151900
01-11-2022,27.12843895,27.92213698,26.81630996,27.79728606,86900
02-11-2022,26.79847145,27.63676024,26.61654633,26.97683135,127100
03-11-2022,25.48753166,26.57284834,24.42629386,26.46850768,197400
04-11-2022,25.59455109,26.40340986,24.84544216,26.34366001,323600
07-11-2022,24.41737747,25.78182617,23.9714794,25.66589342,271300
08-11-2022,24.97028732,25.95126324,24.08740951,24.8276001,206900
09-11-2022,28.27885246,30.10703372,27.64567807,27.73485802,506100
10-11-2022,29.02796364,29.79490886,27.47623856,29.23307634,390800
11-11-2022,29.58979416,29.68343234,27.83741473,29.19740511,420000
14-11-2022,29.15281105,29.85733073,28.70691303,29.51844729,188600
15-11-2022,29.86624718,30.25863616,29.14389125,29.49169112,221600
16-11-2022,29.01904297,29.65221732,28.70691232,29.4827773,103100
17-11-2022,28.51072693,29.38468859,28.02023965,28.5463979,111500
18-11-2022,28.50180054,29.11714198,27.77944622,29.02796034,118600
21-11-2022,29.233078,29.6522233,28.52677729,28.60882339,153200
22-11-2022,30.23188782,30.41916417,29.11714274,29.36684455,139100
23-11-2022,30.21405411,30.48159227,29.45602535,29.92867962,102600
25-11-2022,30.57969666,30.7313004,29.87517675,30.44592585,34100
28-11-2022,29.16172981,30.32106393,29.00120626,30.32106393,87900
29-11-2022,29.61654472,29.96880456,29.06363215,29.06363215,58900
30-11-2022,30.76696587,31.02558756,28.80501374,29.72356605,153400
01-12-2022,30.79372215,32.2830236,30.79372215,31.1771948,186200
02-12-2022,31.65876198,31.92630013,30.12487158,30.73129321,169800
05-12-2022,30.6956234,31.73902671,30.65995414,31.5071612,113000
06-12-2022,30.49051285,31.31542711,30.12487652,30.69562558,116000
07-12-2022,30.78480721,30.9453308,30.20513828,30.39241808,69900
08-12-2022,31.37338448,31.50715524,30.70899739,31.06125723,97400
09-12-2022,31.23069763,32.30977002,31.15043585,31.37338486,99200
12-12-2022,31.95305443,32.02439634,30.7892603,31.11476396,122700
13-12-2022,29.75923538,32.3900346,29.46494443,32.3900346,427600
14-12-2022,29.83057976,30.07136511,28.84960202,29.75923444,344300
15-12-2022,29.25983429,29.84841964,28.82285266,29.69681252,203800
16-12-2022,29.87517166,30.14270983,29.01012829,29.16173541,359300
19-12-2022,30.37457085,30.54401085,29.69145279,30.32106187,173900
20-12-2022,31.33772087,31.39122987,29.56304817,30.21405905,129900
21-12-2022,31.24853325,31.69888779,31.09692616,31.57849682,118200
22-12-2022,30.91856575,31.18164734,30.3121476,30.97207473,86600
23-12-2022,30.68670273,31.25923428,30.23188823,31.14151723,56900
27-12-2022,31.11475945,31.40013387,30.67778134,31.40013387,134400
28-12-2022,30.00001907,31.28420758,29.27766644,31.28420758,117300
29-12-2022,30.92748642,30.98099541,30.07581958,30.28539219,96600
30-12-2022,30.97208405,31.04342938,30.44592411,30.87398591,112400
03-01-2023,30.64211273,31.87279223,30.60198014,31.22177812,223300
04-01-2023,31.07909393,31.39033332,30.64211573,30.64211573,139200
05-01-2023,31.10585403,31.33771956,30.32107238,30.87398511,115600
06-01-2023,32.70216751,32.81810198,31.26637838,31.43581844,287700
09-01-2023,32.89835358,34.72653468,32.47029191,33.21048421,234800
10-01-2023,33.30858231,34.07552748,32.40786976,32.89835692,307700
11-01-2023,33.94176483,34.33415394,33.36655587,33.3977686,313200
12-01-2023,34.39001846,35.00860723,34.04038118,34.35415735,218100
13-01-2023,34.77550507,34.92611758,33.7176266,33.88796169,127500
17-01-2023,34.61413956,34.90550505,33.8072818,34.57827845,217600
18-01-2023,33.37695313,34.70378299,33.2873038,34.70378299,216300
19-01-2023,33.17076492,33.80728419,32.28322133,33.2514507,186500
20-01-2023,32.87491989,33.28731583,32.4535638,33.17076893,179700
23-01-2023,34.08520508,34.40794823,32.66872202,32.87491827,315800
24-01-2023,34.7934494,35.40307464,33.77142821,33.87004456,270100
25-01-2023,35.25963211,35.36721202,34.49759889,34.62310936,141200
26-01-2023,35.13411331,35.58236688,34.57379635,35.45685643,181800
27-01-2023,34.91894913,35.50167664,34.80240226,35.1341089,138400
30-01-2023,34.43483734,35.31341388,34.39897624,34.76654401,112800
31-01-2023,34.51552963,34.72172589,34.09417012,34.21968059,141200
01-02-2023,35.58236313,35.86028154,34.21070845,34.49759043,217400
02-02-2023,34.91894913,36.69582465,34.34518518,36.52369751,172800
03-02-2023,33.89694214,35.57789332,33.75350111,34.76655189,181600
06-02-2023,32.64182663,33.76246062,31.96048267,33.6190196,282800
07-02-2023,28.85856247,31.25223822,27.17850937,31.25223822,1149200
08-02-2023,28.15032578,28.85856557,27.63304142,28.60754465,418400
09-02-2023,26.47385788,28.15929064,26.40213737,28.12343124,460600
10-02-2023,26.40213394,27.05658369,25.82836825,26.39316867,369100
13-02-2023,26.20490074,26.84142164,26.16904135,26.40213339,342200
14-02-2023,27.28967667,27.36139717,26.05249591,26.05249591,304300
15-02-2023,28.69719315,28.81374004,26.87728468,27.02072569,366000
16-02-2023,28.78684616,29.00648946,27.92619838,28.177221,211300
17-02-2023,29.05579758,29.2709608,28.41031302,28.67926449,197700
21-02-2023,28.09653282,28.9302847,27.63483221,28.69719094,351200
22-02-2023,27.97101974,28.50892259,27.52276623,28.06963435,242500
23-02-2023,26.82349777,28.34756083,26.76970781,28.09653817,185100
24-02-2023,26.73384285,26.76073868,26.00767254,26.55454245,192500
27-02-2023,26.62626457,27.09244702,26.44696245,26.8414261,167200
28-02-2023,26.27662468,26.83245988,26.21835294,26.68005359,185000
01-03-2023,26.38420296,26.84142176,26.16007619,26.57246862,174200
02-03-2023,26.08835602,26.30351751,25.99870497,26.12421541,127000
03-03-2023,26.47385788,26.65315829,25.90905739,26.17801058,124100
06-03-2023,26.07042694,26.71591145,25.64010393,26.71591145,180000
07-03-2023,25.20978165,26.14214819,25.1156471,26.12421763,215300
08-03-2023,25.34425735,25.63113937,25.20081635,25.29943097,133800
09-03-2023,25.01254845,25.46080201,24.96772377,25.26357106,177300
10-03-2023,24.85117912,25.45632251,24.29534561,24.93186491,244000
13-03-2023,24.83324432,25.631135,24.54636065,24.54636065,278500
14-03-2023,25.08426857,25.76561418,24.49257401,25.28150123,377500
15-03-2023,25.73871994,25.78354632,24.41188974,24.75256342,272200
16-03-2023,27.08348083,27.28071351,25.55045439,25.66699957,311900
17-03-2023,26.7293644,27.21796092,26.63522983,26.81453197,385900
20-03-2023,26.69798279,27.07451585,25.84630034,26.95796897,299800
21-03-2023,26.85935211,27.09244416,26.26765756,26.76073749,219800
22-03-2023,27.49587631,27.81861946,26.6352285,26.85039173,394600
23-03-2023,28.14135742,28.44616997,27.46001182,27.63931392,257600
24-03-2023,29.16337776,29.1902753,27.4420856,28.02481493,389700
27-03-2023,29.77299881,29.86265157,28.49099514,29.25302649,320700
28-03-2023,30.24815178,30.32435406,29.66542078,29.66542078,161400
29-03-2023,29.88058281,30.51710202,29.53542567,30.3109058,193800
30-03-2023,31.17155075,31.20741185,30.10470859,30.26607671,308500
31-03-2023,31.06397629,31.67270203,30.73674965,31.395683,218500
03-04-2023,31.69153023,31.70946078,30.58882671,31.03708034,165700
04-04-2023,31.82600212,31.942549,31.12224418,31.69152469,332700
05-04-2023,31.71843147,31.84394196,31.0998392,31.84394196,137000
06-04-2023,32.07702637,32.11288748,31.1356945,31.70049499,147800
10-04-2023,32.49837875,32.57010096,31.80806795,31.91564784,132500
11-04-2023,32.45355606,33.61901455,32.42665852,32.59699705,223800
12-04-2023,32.07702637,32.72251264,32.05013225,32.72251264,207500
13-04-2023,32.22046661,32.72251186,31.68256368,32.0770256,238900
14-04-2023,32.19342041,32.60812061,31.83281288,32.15735863,142700
17-04-2023,32.20243454,32.60811754,31.71561081,32.0311428,113100
18-04-2023,32.40077209,32.53600207,31.72462908,32.3827412,238400
19-04-2023,32.36471558,32.85153596,31.91395354,32.40979109,131400
20-04-2023,32.04016113,32.65319768,31.88239513,32.32864851,194100
21-04-2023,32.38273621,32.46387349,31.95000516,31.95000516,127500
24-04-2023,32.18440628,32.73433645,32.1483445,32.42781816,136800
25-04-2023,32.15735626,32.50895348,31.87788605,31.90493067,171000
26-04-2023,32.12129974,32.37372535,31.91394964,32.03114528,162200
27-04-2023,31.9905777,32.46478017,31.8328117,32.22948099,115100
28-04-2023,32.27455521,32.38273711,32.00409872,32.2294797,99500
01-05-2023,32.2204628,32.68023843,32.12129463,32.20243191,118600
02-05-2023,32.0041008,32.22497321,31.494741,32.2114509,171500
03-05-2023,31.41810417,32.14833971,31.34598405,32.00409604,143200
04-05-2023,31.53530693,32.03565299,31.12511533,31.24681955,150000
05-05-2023,32.72531128,32.75235933,31.88689392,31.88689392,135700
08-05-2023,33.04987335,33.60881733,32.5991113,32.5991113,120500
09-05-2023,32.95069885,33.30229263,32.89660962,32.98676063,197100
10-05-2023,34.25791168,34.55541625,32.61713829,33.80714969,505300
11-05-2023,33.68994522,34.17676892,32.1645691,34.05956986,205500
12-05-2023,33.66290665,34.24889863,33.55021615,33.95139405,144400
15-05-2023,33.11297226,33.89729709,32.49993574,33.89729709,232400
16-05-2023,32.47289276,33.52767412,32.42781725,33.04986753,177800
17-05-2023,32.79743576,32.88758676,32.4007631,32.71629848,175400
18-05-2023,33.42850113,33.63585117,32.45485386,32.78841668,153700
19-05-2023,33.49161911,34.03253215,33.20763684,33.70798295,156700
22-05-2023,33.63586426,33.91533452,33.39695749,33.49162054,109300
23-05-2023,33.34738159,33.83420204,33.28878032,33.58177637,278600
24-05-2023,32.54501724,33.30229759,32.42782159,33.30229759,129200
25-05-2023,31.3369751,32.61714106,31.26485496,32.61714106,105000
26-05-2023,32.01311111,32.28357103,31.21977258,31.25583093,144500
30-05-2023,31.6074295,32.26554155,31.49473902,32.10326697,78500
31-05-2023,30.53462219,31.35500904,29.63760662,31.35500904,222400
01-06-2023,31.08454323,31.49924339,30.4895376,30.64279845,91000
02-06-2023,31.64349174,31.9139517,31.09356498,31.50826521,115800
05-06-2023,32.62614822,33.2031264,32.29258535,32.66221,203600
06-06-2023,33.617836,34.0776118,32.40889248,32.62615738,322700
07-06-2023,34.12268066,35.1594346,33.68093585,33.68093585,307100
08-06-2023,34.15422821,34.61400728,33.80714305,34.12267501,132600
09-06-2023,33.59078217,34.00548581,33.14002017,33.87025584,95400
12-06-2023,33.46457291,33.80715302,33.21214726,33.6629093,95800
13-06-2023,33.65389252,34.13169914,33.49161792,33.49161792,112700
14-06-2023,33.23918533,34.01449644,32.80645427,33.68994728,102100
15-06-2023,32.54501724,33.41949668,32.17088737,33.02282733,196200
16-06-2023,32.43682861,33.98745078,32.36470849,32.81547043,268500
20-06-2023,33.14903259,33.31130716,32.19341607,32.39175242,167400
21-06-2023,34.25791168,34.47427895,33.14903759,33.14903759,211700
22-06-2023,34.01449966,34.25791155,33.47358665,34.25791155,101500
23-06-2023,32.49092102,33.85222055,32.22046455,33.58176408,575600
26-06-2023,32.61713409,33.34736967,32.53599681,32.53599681,169700
27-06-2023,32.32864761,32.77940956,32.02212935,32.77940956,132900
28-06-2023,32.25653076,32.53600447,32.04918063,32.33766807,99800
29-06-2023,33.03183746,33.13100565,32.29258809,32.29258809,119100
30-06-2023,33.74855042,33.87025464,32.9326689,33.11297438,288200
03-07-2023,33.95138931,34.13169478,33.64937964,33.75305296,53200
05-07-2023,32.97773743,33.86123021,32.83349034,33.86123021,111900
06-07-2023,32.57205582,32.82448138,32.22947581,32.75236126,86600
07-07-2023,33.03183746,33.33835575,32.64418188,32.64418188,154000
10-07-2023,33.56373596,33.56373596,32.80645571,32.9687303,93800
11-07-2023,34.50131989,34.51935078,33.47358319,33.5817651,98100
12-07-2023,35.29466629,35.48398551,34.73571893,34.83488712,167800
13-07-2023,35.90769577,35.92572322,35.11435384,35.3848103,180400
14-07-2023,35.894104,36.01189107,35.21001753,35.84426968,128700
17-07-2023,36.60538101,36.695987,35.59057592,35.75366947,111500
18-07-2023,36.85907745,36.97414782,36.12515653,36.64161825,140500
19-07-2023,37.03123474,37.21245019,36.3516794,36.73223219,131500
20-07-2023,36.7956543,37.04029462,36.31543633,37.02217273,168600
21-07-2023,36.76847076,36.96780462,36.17045883,36.96780462,211300
24-07-2023,37.27586365,37.82856904,36.69597715,36.73222092,142400
25-07-2023,37.43896484,37.88294248,37.23056831,37.2758713,104500
26-07-2023,37.94636536,38.05509323,37.43896287,37.43896287,169000
27-07-2023,36.05266571,38.15475597,35.97111896,37.94635948,197700
28-07-2023,36.74128342,36.91343961,36.31995906,36.3516715,126800
31-07-2023,36.95874023,37.14901485,36.4694597,36.4694597,96200
01-08-2023,36.8047142,37.16261374,36.41510222,36.72316743,101100
02-08-2023,35.70835876,36.67785719,35.53620603,36.67785719,133100
03-08-2023,35.21002197,35.6177558,34.94997997,35.39123739,100800
04-08-2023,35.12847137,36.11609167,35.05598383,35.46371761,179900
07-08-2023,34.92007446,35.40029232,34.42173472,35.12847096,148500
08-08-2023,34.17709351,34.79322376,34.12272785,34.79322376,145000
09-08-2023,33.850914,34.13179464,33.55190802,34.08649164,131500
10-08-2023,33.09886551,34.06383605,32.93577199,33.85090821,193900
11-08-2023,33.0807457,33.98229142,32.81798698,33.08980837,159800
14-08-2023,32.61864853,32.99919777,32.40118935,32.99919777,130200
15-08-2023,31.62197113,32.59509194,31.57666468,32.46461988,163600
16-08-2023,31.63103294,31.90285436,31.49059263,31.7035205,171200
17-08-2023,31.70351791,31.80771445,31.44075573,31.61290848,84100
18-08-2023,31.6038456,31.80317942,31.17798993,31.51323617,223800
21-08-2023,31.45887566,31.73069704,31.16893239,31.56760352,105200
22-08-2023,31.35920906,31.73975833,31.15987175,31.72163644,119100
23-08-2023,31.42716599,31.79412471,31.05114459,31.35920977,305600
24-08-2023,30.46220016,31.53136752,30.43501906,31.26860529,285000
25-08-2023,30.52562141,30.70683684,30.09070646,30.5437433,206800
28-08-2023,30.95147514,30.99677813,30.59357564,30.61622887,170900
29-08-2023,31.64915276,31.72163685,30.95147563,30.95147563,227400
30-08-2023,31.45887566,31.82130301,31.00130753,31.56760352,183600
31-08-2023,30.91523552,31.63556595,30.74308275,31.35921318,327600
01-09-2023,34.29488754,35.42747965,31.84849136,32.61865261,664000
05-09-2023,33.20760345,34.41267971,32.61865415,34.22240506,335900
06-09-2023,32.43743134,33.52472025,32.39212835,33.52472025,309100
07-09-2023,32.12937164,32.62771147,31.73975969,32.43743683,228500
08-09-2023,32.86328506,33.28007803,31.9843927,32.61864481,220100
11-09-2023,32.98442459,33.67392749,32.49058759,33.19872974,189600
12-09-2023,32.19242096,32.93783088,32.11788174,32.79806852,168700
13-09-2023,32.04333496,32.57443969,31.39110003,32.11787772,366000
14-09-2023,31.51223946,32.66762769,31.13953266,32.4626386,255700
15-09-2023,29.51826286,31.46564838,29.42042814,31.46564838,569000
18-09-2023,30.29628181,30.45002361,29.22941423,29.63007094,305500
19-09-2023,29.69529343,30.58978701,29.50894008,30.235716,215100
20-09-2023,29.08965302,30.22640374,28.74490155,29.93755935,466200
21-09-2023,28.94988441,29.70461216,28.34423865,28.72626144,350800
22-09-2023,28.54922867,29.3934064,28.34424137,29.10828704,322200
25-09-2023,28.1485672,28.21379212,25.98687672,27.48701614,701300
26-09-2023,27.3192997,28.3069683,26.99318219,28.09266317,489100
27-09-2023,27.02113533,27.7758631,26.77887666,27.38452244,427100
28-09-2023,27.71063805,27.71063805,26.94659249,26.96522818,260000
29-09-2023,27.3286171,28.1112984,27.2540761,27.87835758,205300
02-10-2023,26.4807148,27.32861931,26.21516238,27.32861931,326900
03-10-2023,26.12664604,26.73229188,26.08471662,26.3968565,371600
04-10-2023,26.30367851,26.55245951,25.94960923,26.12664476,382200
05-10-2023,26.62047386,26.66706309,26.01482815,26.31299208,349700
06-10-2023,27.15532684,27.23039333,25.8979619,26.86444265,234300
09-10-2023,26.94889259,27.43682563,26.79875963,27.19285911,277900
10-10-2023,27.66202927,27.69017987,26.95828021,27.01458142,243300
11-10-2023,27.98106003,28.12180947,27.56819345,27.65264347,192500
12-10-2023,27.98106003,28.10304419,27.62449465,27.98106003,179300
13-10-2023,28.68480682,29.40732284,28.16872498,28.16872498,367500
16-10-2023,28.0842762,29.02260817,27.97167558,28.85370813,218900
17-10-2023,28.23440742,28.43145627,27.93883237,27.94352503,180800
18-10-2023,27.90598869,28.55343816,27.77462281,28.07488871,202900
19-10-2023,27.46497536,27.95290838,27.30545886,27.72770715,181000
20-10-2023,27.17409134,27.83092439,27.08964311,27.540042,219400
23-10-2023,27.08964539,27.36176073,26.57637696,26.95827769,176400
24-10-2023,26.50787735,27.33267085,26.43750174,27.12717629,134300
25-10-2023,26.34836006,26.78937542,26.17946003,26.37651066,323900
26-10-2023,26.39527702,26.5735606,25.96364518,26.34836114,274400
27-10-2023,26.0293293,26.64862827,25.84166397,26.64862827,160800
30-10-2023,25.5789299,26.31082949,25.33496337,26.08562824,220200
31-10-2023,25.41002655,25.84166013,25.29742594,25.63522598,236600
01-11-2023,24.42477989,25.47101974,23.94153775,25.41002767,434100
02-11-2023,25.17544746,25.26928102,24.76258088,24.80011502,394500
03-11-2023,25.5976963,25.88857871,25.34434625,25.65399572,196600
06-11-2023,25.50386238,26.2263784,25.50386238,25.54139473,635800
07-11-2023,24.72504807,25.59769709,24.0363113,25.56016296,457300
08-11-2023,23.04543114,24.59367843,21.71299976,22.31353339,1023400
09-11-2023,22.82023239,23.85708875,22.76393298,23.22371541,367500
10-11-2023,23.04543114,23.28001411,22.80146463,22.8483823,399300
13-11-2023,23.19556427,23.24248194,22.75454891,22.98913189,382300
14-11-2023,24.6781311,24.77196466,23.3269343,23.3269343,614000
15-11-2023,24.27464867,25.01592999,24.03068214,24.68751344,368100
16-11-2023,24.4810791,24.70627854,23.89931254,24.11513024,306500
17-11-2023,24.8939476,24.94086348,24.42478162,24.80949758,306800
20-11-2023,25.28804398,25.4850928,24.75319332,24.78134392,177600
21-11-2023,26.31552124,26.88321168,25.64461371,26.15131385,388500
22-11-2023,26.11377716,26.37651074,25.87919418,26.34836014,256000
24-11-2023,26.10439491,26.56417736,26.0480955,26.29206202,75200
27-11-2023,26.36712456,26.49849044,25.99179219,26.104391,184900
28-11-2023,26.85506058,27.33360829,26.02932748,26.37651108,292000
29-11-2023,26.81752586,27.26792475,26.64862583,26.94889176,274100
30-11-2023,26.89259148,27.26792387,26.66739204,26.93950735,249700
01-12-2023,27.97167206,28.05612207,26.75184136,26.93012492,402000
04-12-2023,28.66604042,28.67073308,27.64795111,27.79339321,298600
05-12-2023,27.71832657,28.69419086,27.60572595,28.61912438,281100
06-12-2023,27.53065681,28.40330573,27.38990739,27.91537273,206400
07-12-2023,27.59634399,27.92476055,27.3899116,27.7277099,181800
08-12-2023,27.72770882,28.06081802,27.52127643,27.58695938,230200
11-12-2023,26.96765709,27.83561512,26.92074121,27.58695597,231500
12-12-2023,26.17946243,26.8738279,26.16069536,26.8738279,360600
13-12-2023,28.20625687,28.20625687,26.05747771,26.27329362,321700
14-12-2023,28.37515831,29.1352067,28.31885889,28.59097423,256500
15-12-2023,27.97167206,28.8255539,27.92475618,28.73172215,271100
18-12-2023,27.36175919,28.35639054,27.34299212,28.18749229,200400
19-12-2023,28.28132439,28.52529091,27.65264191,27.7840096,230200
20-12-2023,28.04673958,28.85370558,27.9998237,28.30947315,228000
21-12-2023,28.92877197,29.097672,28.30008954,28.52528898,223100
22-12-2023,28.97569084,29.41670802,28.71295903,29.097675,187400
26-12-2023,29.16335487,29.36978724,28.82555482,28.9146975,169200
27-12-2023,29.63252068,29.72635422,29.05919984,29.21027061,139600
28-12-2023,29.62314034,29.8483398,29.46831649,29.60437327,137300
29-12-2023,28.38453674,29.57621855,28.22502027,29.57621855,180400
02-01-2024,27.61510658,29.03198789,27.51658217,28.23440546,315900
03-01-2024,26.76122665,28.03735684,26.73589129,27.33360791,316300
04-01-2024,27.46497536,27.72770715,26.71430876,26.83629291,262100
05-01-2024,27.35237885,27.98106139,27.05961899,27.25854528,174600
08-01-2024,27.51189232,27.57757527,26.50787742,27.19285931,203500
09-01-2024,26.92074585,27.46497834,26.69554638,27.3242289,219200
10-01-2024,26.733078,26.91605245,26.16069492,26.72369447,327500
11-01-2024,25.88858032,26.85506294,25.86981325,26.64862875,195700
12-01-2024,27.060606,27.81202705,26.31391189,26.31391189,336900
16-01-2024,27.02279663,27.08895919,26.51239667,26.64472359,237800
17-01-2024,26.81485748,26.87156799,26.20048675,26.46513878,188200
18-01-2024,26.69198227,27.00483742,26.37061973,26.86211559,176100
19-01-2024,25.8791256,26.82430917,25.78460868,26.82430917,253600
22-01-2024,26.29500771,26.37062232,25.89803052,25.98309719,235300
23-01-2024,26.61636734,26.83375911,26.04925688,26.58801119,169800
24-01-2024,26.27610207,27.05115409,26.1910354,27.05115409,120900
25-01-2024,25.74679947,26.5974643,25.67118486,26.5974643,145700
26-01-2024,25.51050568,26.07761621,25.49160157,25.98309749,189200
29-01-2024,26.66362762,26.68253173,25.30256458,25.47269791,201400
30-01-2024,25.66173363,26.5880131,25.66173363,26.57856285,141300
31-01-2024,25.49160194,26.57856456,25.40653527,25.42543938,180400
01-02-2024,26.31390953,26.31390953,25.49159907,25.52940728,190900
02-02-2024,25.708992,26.03035454,25.50105048,26.03035454,160000
05-02-2024,25.19859314,25.53885979,24.65983881,25.48214748,287700
06-02-2024,25.62392616,26.51239739,25.38290335,26.01145127,286300
07-02-2024,24.74490738,25.11352841,23.33658401,24.57477404,682300
08-02-2024,24.89613342,25.22694801,24.49915628,24.57477089,282500
09-02-2024,25.01900482,25.49159654,24.67874001,25.04736097,243300
12-02-2024,25.92638206,26.1012405,24.84887352,24.84887352,215400
13-02-2024,24.56531906,25.40747827,24.38573369,25.25530259,319400
14-02-2024,24.62203217,24.7921655,24.28176729,24.7732614,213800
15-02-2024,25.09462357,25.10785608,24.25341075,24.65038793,236800
16-02-2024,24.47080421,24.9717522,24.28176857,24.9717522,303600
20-02-2024,24.04546928,24.36494069,23.86115879,24.31011952,230100
21-02-2024,23.60123253,23.92732201,23.23261152,23.84698047,305700
22-02-2024,23.14754677,23.63904269,23.11919061,23.62959063,241000
23-02-2024,23.94149971,23.98875817,22.89234537,23.21370793,232900
26-02-2024,23.81862831,23.84698267,23.50671778,23.82807856,161300
27-02-2024,24.31011963,24.59367577,23.90369223,23.96985479,216800
28-02-2024,24.09272766,24.4329943,23.79026922,24.10217971,204200
29-02-2024,24.28176498,24.76380879,23.61068375,24.60312752,625900
01-03-2024,25.52940941,25.52940941,24.04547144,24.62203221,550500
04-03-2024,25.8791256,26.49160523,25.6428297,25.78460868,285700
05-03-2024,26.2288456,26.83376254,25.48214967,25.90748302,347900
06-03-2024,26.54075432,26.68253149,26.01145203,26.29500638,238700
07-03-2024,26.59746742,26.94245924,26.47459434,26.80540898,167800
08-03-2024,26.94718361,27.2212859,26.54547951,26.92827951,253300
11-03-2024,26.94718361,27.4793217,26.81485849,27.12676899,174500
12-03-2024,26.43678474,26.94718476,26.32903531,26.94718476,119900
13-03-2024,27.02279663,27.17402585,26.37061951,26.37061951,158200
14-03-2024,26.23829842,26.99444462,25.94529199,26.83376332,138500
15-03-2024,26.24774551,26.65039243,25.58611636,26.06816015,348200
18-03-2024,26.0587101,26.49822059,25.89802882,26.27610188,171900
19-03-2024,25.94528961,26.62204067,25.51995629,25.75625218,138400
20-03-2024,27.20238495,27.37251648,25.82241594,25.89803056,273400
21-03-2024,27.1740284,27.50484302,26.89992429,27.34416173,175600
22-03-2024,26.55965805,27.04170188,26.22884345,27.04170188,201900
25-03-2024,26.85266304,27.4008694,26.61636717,26.61636717,250600
26-03-2024,26.77705002,27.21183539,26.34226645,27.21183539,192900
27-03-2024,28.40276337,28.40276337,26.97553787,27.11731504,350000
28-03-2024,29.00768089,29.34794571,28.16646639,28.51618506,410900
01-04-2024,29.39520836,29.6976668,29.06439376,29.33849785,332300
02-04-2024,28.97932816,29.43774276,28.82809893,29.36685328,196600
03-04-2024,29.93396568,30.10409903,28.74303409,28.96987795,264900
04-04-2024,29.03603935,30.66175448,28.96987679,30.07574167,378800
05-04-2024,30.93586159,32.06062888,28.96042754,28.96042754,614900
08-04-2024,36.89996719,37.39146308,33.09087498,33.19484575,1758300
09-04-2024,35.6712265,38.17596059,35.17500373,37.27803555,1178000
10-04-2024,37.6088562,38.5540398,34.66933464,34.84891822,1262700
11-04-2024,37.85460281,38.73362386,37.41981922,38.28938641,948400
12-04-2024,38.44062042,40.15140427,37.93022395,38.27994092,1160000
15-04-2024,36.92084885,38.72557411,36.37943199,38.63058647,668900
16-04-2024,35.6195488,37.30079194,35.60055127,36.72138003,926000
17-04-2024,34.91664886,35.98998543,34.72668087,35.44856867,744800
18-04-2024,35.03063583,35.88550273,34.92615126,35.02113526,400800
19-04-2024,36.07547379,36.17046141,34.77417412,34.89765622,358400
22-04-2024,35.34408569,35.71452838,35.06862701,35.61954437,345600
23-04-2024,35.84751129,36.52190713,35.14461735,35.2775964,420400
24-04-2024,36.30344772,36.39843174,35.03064228,35.60055365,298800
25-04-2024,36.60739517,37.2333497,35.71452958,36.04698084,423100
26-04-2024,38.10816956,38.2031572,36.56940596,36.56940596,547600
29-04-2024,38.99153137,39.53294821,38.17465582,38.17465582,645100
30-04-2024,38.06067276,38.90604276,37.82320911,38.70657416,594700
01-05-2024,38.73506927,39.33347869,37.43376949,37.99418385,505800
02-05-2024,39.28598404,39.6849212,38.37412456,39.01052536,474600
03-05-2024,39.24798965,39.84639903,39.02952354,39.63742987,333400
06-05-2024,39.09601212,40.26433275,39.08651516,39.70391843,397800
07-05-2024,38.31713486,40.00787489,38.30763791,39.21949746,501200
08-05-2024,36.23695755,36.65489231,33.24491385,33.41588799,1496200
09-05-2024,38.81105804,39.36197181,36.21795552,36.28444505,669200
10-05-2024,35.29660034,39.03902654,35.02114161,38.77306838,840200
13-05-2024,35.25860214,36.36043335,35.0971286,35.45807436,389500
14-05-2024,37.80421066,37.88020077,35.48656685,35.5245619,573400
15-05-2024,35.42957687,36.96834036,35.19211322,36.22745491,663300
16-05-2024,35.23011017,35.52456642,34.74568588,35.42957878,463500
17-05-2024,36.82586288,37.00633395,35.72403171,35.91400335,494600
20-05-2024,37.31028366,37.63323434,36.50290878,37.04432556,346600
21-05-2024,36.72137833,37.64273844,36.56940174,37.40527479,236400
22-05-2024,37.26279068,38.15565258,36.77836649,37.12981163,342200
23-05-2024,36.45542145,37.85170528,36.44592087,37.25329948,295000
24-05-2024,36.09447479,37.22670275,36.02798526,36.70238116,266700
28-05-2024,37.48126602,38.16991286,36.13247407,36.46492177,294700
29-05-2024,36.52190781,37.46226177,36.22745159,37.12981413,207300
30-05-2024,36.09447479,37.04432939,35.9424982,36.77837126,168800
31-05-2024,36.03748322,36.61689512,35.68603802,36.56940311,279900
03-06-2024,35.19211197,36.57889881,35.02113785,36.57889881,309800
04-06-2024,33.4681282,35.60055082,33.44438039,35.11612655,619100
05-06-2024,33.70084,34.18526786,32.95995458,33.60585599,526000
06-06-2024,34.30875015,34.31825073,33.34939852,33.46338006,453700
07-06-2024,33.28290558,34.28025217,33.19741852,33.75783287,313000
10-06-2024,33.52986526,33.85281596,33.06443856,33.28290467,165600
11-06-2024,32.61800766,33.20691651,32.31405447,33.19741956,503100
12-06-2024,32.32354355,33.64384056,32.15256947,33.49186401,294600
13-06-2024,31.78212738,32.26655515,31.58740911,32.19056506,350500
14-06-2024,30.91776848,31.98635497,30.77054217,31.67765148,309900
17-06-2024,30.97476006,31.26446601,30.60431733,30.94626558,216700
18-06-2024,31.7346344,31.76312887,30.50932139,30.97475163,248700
20-06-2024,32.36154556,33.17842109,32.20007202,32.26656155,492500
21-06-2024,31.76313591,32.13358224,31.58266484,32.13358224,581400
24-06-2024,32.29505539,32.64650057,31.63965704,32.19057081,331500
25-06-2024,31.93411064,32.44893166,31.744139,32.19057182,246700
26-06-2024,31.5446701,31.93411034,31.32620398,31.71564422,243900
27-06-2024,30.73729515,31.88661834,30.56632103,31.88661834,364900
28-06-2024,30.74679184,31.34520124,30.42384114,30.82278195,668000
01-07-2024,30.85127449,31.17422517,30.61381086,31.01275164,228600
02-07-2024,30.68030357,30.96051257,30.31935961,30.71829863,250600
03-07-2024,31.45918465,31.52567418,30.7135489,31.01275543,195600
05-07-2024,31.88661766,32.67499869,31.1077372,31.63015649,537100
08-07-2024,31.68714714,32.04809287,31.47817799,31.85812124,221300
09-07-2024,32.02909851,32.04809604,31.2312205,31.63015769,295500
10-07-2024,32.61800766,33.24491156,31.85812469,32.05759329,391100
11-07-2024,33.91930771,34.03803954,32.58951341,33.27340628,389900
12-07-2024,34.09028625,34.63170317,33.95255688,34.14727884,316400
15-07-2024,34.37523651,34.77037637,33.96679875,34.40373461,251800
16-07-2024,35.48657227,35.84751807,34.57471262,34.58420957,362500
17-07-2024,34.85016251,35.60054848,34.63169639,35.42957437,385100
18-07-2024,35.03162384,35.20353504,34.49678858,34.70690308,323000
19-07-2024,34.9456749,35.06028117,34.39651421,34.80241432,327800
22-07-2024,35.4805069,35.49960491,34.30577902,35.10803016,266500
23-07-2024,35.9484787,36.20634549,35.33724053,35.56645666,342800
24-07-2024,35.51870346,36.74118354,35.51870346,35.78612291,279000
25-07-2024,34.97431946,35.26083692,33.95431394,35.16533231,334600
26-07-2024,36.67433167,36.73163297,35.52825812,35.59511207,295800
29-07-2024,36.06309509,36.84624832,35.34775765,36.84624832,162700
30-07-2024,35.99623871,36.49287074,35.61421659,36.15860093,187100
31-07-2024,36.71253204,37.15186273,36.26365599,36.45466522,256500
01-08-2024,34.90746689,36.79848658,34.32774655,36.48331846,286800
02-08-2024,33.70409393,34.34398287,33.13105531,34.34398287,401700
05-08-2024,32.95914459,33.06993272,30.32317855,31.24003599,535500
06-08-2024,33.19790649,33.78144861,32.70127816,33.14060519,208700
07-08-2024,32.60577393,34.00971442,32.38611039,33.65634295,209000
08-08-2024,33.23610687,33.43666872,32.77290192,33.24565952,170500
09-08-2024,32.26195145,33.36982179,32.18554848,33.36982179,246900
12-08-2024,33.06420135,33.54173172,32.60577264,32.60577264,245400
13-08-2024,33.31252289,33.76617533,32.81206903,33.01645272,290500
14-08-2024,32.60577393,33.56083469,32.24284982,33.56083469,163600
15-08-2024,32.89228821,33.42234717,32.86363755,33.24566328,127600
16-08-2024,34.09566879,34.31533232,32.96869684,33.01644915,318800
19-08-2024,34.52544403,34.7355549,34.18162161,34.28667887,266500
20-08-2024,34.60184479,35.09847673,34.43948624,34.75465434,210900
21-08-2024,35.46140289,35.71449338,34.50634224,35.02207223,284700
22-08-2024,34.58274841,35.44230453,34.15297035,35.10803109,497400
23-08-2024,35.87208176,35.94848472,34.64960156,34.81196378,329400
26-08-2024,35.11758041,36.57882204,34.96477086,36.29230457,595400
27-08-2024,34.98387909,35.11758702,34.25803082,35.08893636,264000
28-08-2024,34.3630867,34.99342667,34.20072812,34.50634728,237800
29-08-2024,34.10521698,34.84061416,34.07656632,34.84061416,370700
30-08-2024,37.21871185,37.48612765,33.4271202,35.86252394,1012900
03-09-2024,38.13557434,39.34850188,36.76983724,37.05635472,821500
04-09-2024,38.5080452,38.70383438,37.73444476,38.07826717,372700
05-09-2024,41.57379532,41.69795424,38.71816558,39.01423209,720900
06-09-2024,41.88896561,41.96536857,41.00075881,41.60244811,697400
09-09-2024,41.67885208,42.30919205,41.249074,42.15638247,314300
10-09-2024,41.78390503,41.96536525,41.17266677,41.76480338,262900
11-09-2024,42.1468277,42.19458,40.02659188,41.54513847,420600
12-09-2024,43.82773209,44.6920608,42.40469378,42.40469378,525600
13-09-2024,44.81144714,45.25077784,44.0856026,44.36257108,339800
16-09-2024,42.79627609,45.26033108,41.93671991,44.81145134,549900
17-09-2024,42.43334579,43.45526042,41.87940886,43.01593339,320800
18-09-2024,41.3159256,43.11144079,41.21087198,42.19458336,594500
19-09-2024,41.47828674,42.64250379,41.05806134,42.38559514,526100
20-09-2024,41.11535645,42.90131868,41.0102992,41.35412159,720200
23-09-2024,40.94345093,41.45918458,40.59007949,41.11536214,291700
24-09-2024,41.0198555,41.65019538,40.48502023,40.9434489,265500
25-09-2024,41.58334732,41.66930294,40.88328614,40.9434547,223200
26-09-2024,42.71986008,43.0398045,41.87940573,42.07041858,206900
27-09-2024,42.96818161,44.22886142,42.76284342,43.24514644,262200
30-09-2024,42.1754837,43.00638556,41.92716951,43.00638556,155200
01-10-2024,42.43334579,42.5288504,41.25862161,42.34739019,294300
02-10-2024,42.67211151,42.95862899,41.94626335,42.32828908,253200
03-10-2024,42.59570313,42.60525577,41.95581424,42.28053501,232500
04-10-2024,42.04177475,43.34543064,42.0226731,43.07323847,237900
07-10-2024,40.37996674,42.15638029,39.51086161,41.96536741,260000
08-10-2024,39.93854904,40.36077536,39.36279053,40.30319805,270700
09-10-2024,39.13248825,39.82340145,38.95975995,39.77542218,176600
10-10-2024,39.66986084,39.66986084,38.63349117,39.28601941,213200
11-10-2024,40.23603058,40.65825328,39.75623055,39.76582494,197900
14-10-2024,40.21683121,40.45673118,39.72647414,40.10168025,71700
15-10-2024,39.78500748,40.64864878,39.75622065,40.23602056,135800
16-10-2024,41.05168915,41.43553063,39.87138152,40.22643252,159400
17-10-2024,40.89814758,41.13804756,40.31759007,41.13804756,135700
18-10-2024,41.79058075,42.83750401,40.97012316,41.15724487,225600
21-10-2024,40.01531982,42.22239904,39.81380471,42.19361221,211200
22-10-2024,39.46834564,40.41834751,39.46834564,40.082489,143700
23-10-2024,37.9329834,39.35319083,37.51076075,39.24763792,311700
24-10-2024,37.94258118,38.48859376,37.58752658,38.24965285,242500
25-10-2024,37.47237778,38.54712871,37.27086266,38.08652117,151200
28-10-2024,37.97137451,38.20168014,37.70268766,37.74107254,100400
29-10-2024,37.70267868,38.25924469,37.29964484,37.75065794,122800
30-10-2024,37.52035141,38.16328519,37.42919192,37.50116263,107500
31-10-2024,37.28045273,37.54914318,36.88701694,37.28045273,333500
01-11-2024,35.77388382,37.76025536,35.39004605,37.60671952,420500
04-11-2024,36.32085419,36.5799466,35.7163089,35.88903717,187100
05-11-2024,36.11933899,37.00696815,36.07135973,36.49358236,198300
06-11-2024,36.10974503,36.81025251,35.12135465,35.31327536,340700
07-11-2024,30.31376457,34.5360061,30.05467213,32.09862118,1378600
08-11-2024,30.30416489,31.56603927,29.82436493,30.57285352,793800
11-11-2024,30.04507446,30.14103483,28.33698769,30.14103483,622900
12-11-2024,29.21022224,30.36174106,29.07587701,29.57486941,380200
13-11-2024,29.02789879,30.2082063,28.76880636,29.39254597,414700
14-11-2024,28.35617828,29.18623387,28.01072354,28.92234241,339600
15-11-2024,27.73243713,29.02789738,27.34859753,28.71122948,300100
18-11-2024,27.72283936,28.15178098,27.58849596,27.82839593,330100
19-11-2024,28.87436295,29.21981952,27.41577057,27.65567056,427400
20-11-2024,29.58446693,29.747599,28.49052356,28.74961416,302900
21-11-2024,28.70163345,29.74759751,28.63446175,29.60365789,208500
22-11-2024,28.53849983,28.74961114,27.97233576,28.74961114,231800
25-11-2024,29.00870705,29.12385985,28.0682995,28.6152712,223600
26-11-2024,28.66324997,28.94153299,28.39456134,28.76880471,192700
27-11-2024,29.24860764,29.68042837,28.81678873,28.99911142,246700
29-11-2024,29.07587624,29.8147686,28.93769471,29.26779695,85300
02-12-2024,28.77840233,29.1238589,28.16905614,29.1238589,179200
03-12-2024,28.50971413,28.71123107,28.23143109,28.71123107,194600
04-12-2024,28.55769539,29.26779915,28.06829918,28.28900674,256400
05-12-2024,28.89355469,29.10466601,28.3369868,28.586483,164700
06-12-2024,27.58849907,29.03173714,26.78243495,28.89355561,529500
09-12-2024,27.63647842,28.72082742,27.5597105,27.62688404,231400
10-12-2024,27.4445591,27.77562042,27.24304215,27.48294214,165300
11-12-2024,27.18546677,27.81880259,27.10869884,27.40617432,259000
12-12-2024,27.05112076,27.66526409,26.70566422,26.97435284,246800
13-12-2024,27.27183151,27.3773881,26.1682919,26.7824353,319700
16-12-2024,26.86879921,27.27183127,26.48495959,27.21425579,328600
17-12-2024,26.14909744,27.02233321,26.09152196,26.66728227,335500
18-12-2024,25.95717621,26.99834304,25.66929697,26.39859311,315800
19-12-2024,24.99757957,26.36980788,24.77687201,26.03394751,558100
20-12-2024,24.74808311,25.3718227,24.54656618,24.91121335,555500
23-12-2024,24.32585907,24.82485148,24.16272701,24.64252698,317200
24-12-2024,24.90161896,24.97838688,23.99959451,24.30666619,151800
26-12-2024,25.29505539,25.35742807,24.33545543,24.86323468,148400
27-12-2024,25.06475067,25.29985163,24.68090924,25.15111298,162400
30-12-2024,25.04556084,25.19429767,24.25101104,24.94960047,206700
31-12-2024,26.29303932,26.3314242,25.19909592,25.27586385,262100
02-01-2025,26.65768623,27.05016115,26.09919838,26.39859382,276800
03-01-2025,27.07990837,27.20465738,26.38899711,26.75364426,151400
06-01-2025,26.50415039,27.10869753,26.28824004,27.06071827,310200
07-01-2025,26.38899994,27.02617391,26.13950372,26.53293957,183200
08-01-2025,26.71526337,26.78243507,25.41980304,26.1970785,178000
10-01-2025,26.94556618,27.06071898,26.31223036,26.57132279,198900
13-01-2025,26.60970688,26.94556724,26.00995689,26.94556724,160200
14-01-2025,26.85134888,27.01566606,26.5082147,26.90934263,182400
15-01-2025,26.98666954,27.51828299,26.95767174,27.44095737,187600
16-01-2025,26.72569656,27.02050111,26.5033856,26.87068189,151000
17-01-2025,26.36806488,26.74502709,25.66246645,26.68219944,180700
21-01-2025,26.55171013,26.94317213,26.31006733,26.48405044,184700
22-01-2025,26.09742355,26.58554122,26.05875982,26.51304948,171500
23-01-2025,26.53238297,26.61937453,26.03943138,26.03943138,165900
24-01-2025,26.35840034,26.61937504,26.00076815,26.48405381,120100
27-01-2025,26.25207329,26.60487155,25.53681083,26.38739266,155200
28-01-2025,25.98143387,26.56137698,25.89541019,26.25207448,126900
29-01-2025,26.17474747,26.31973278,25.74945563,25.89444278,158700
30-01-2025,27.28630638,27.57627887,26.40672668,26.40672668,331100
31-01-2025,27.22831345,27.74542894,26.78368969,27.28630721,223800
03-02-2025,26.98666954,27.69226611,26.58070954,26.84168422,298000
04-02-2025,26.74502563,27.44095625,26.38739347,27.11232189,455600
05-02-2025,26.78368759,27.76959068,26.72086179,26.76435757,483400
06-02-2025,27.35396576,27.64393824,26.64836919,26.94800576,414600
07-02-2025,27.62460327,29.16145154,25.27583509,27.54727765,786700
10-02-2025,28.09822464,28.59600822,27.44675585,27.65360277,337700
11-02-2025,27.76959038,28.41719316,27.57627724,28.0885588,240600
12-02-2025,27.73093224,28.12722634,27.20511682,27.45062566,206700
13-02-2025,28.03056717,28.38819935,27.53278355,27.77925841,328100
14-02-2025,26.65803528,28.27027543,26.4260584,28.04989841,308600
18-02-2025,26.76435852,27.32496977,26.48308593,26.78368854,338700
19-02-2025,26.29073906,27.17998469,26.27140719,26.72569502,229900
20-02-2025,26.53238297,27.06399644,26.29074014,26.29074014,351600
21-02-2025,25.87511063,27.0156649,25.61413597,26.84168179,319800
24-02-2025,25.63347054,26.00076681,25.29903623,25.92344118,233500
25-02-2025,26.41639137,26.51884879,25.31450077,25.54647764,335600
26-02-2025,26.4937191,26.91901099,26.27140815,26.27140815,260900
27-02-2025,26.44538879,26.49371662,25.87511163,26.3777291,216400
28-02-2025,26.27140808,26.3873956,25.93310776,26.37773151,260300
03-03-2025,25.31450081,26.47438517,25.24684112,26.47438517,285900
04-03-2025,25.64313507,25.9621035,24.86021106,25.13085166,207000
05-03-2025,26.17474747,26.26173902,25.70112781,25.84611312,195500
06-03-2025,26.30040169,26.57104229,25.94277137,26.11675449,249200
07-03-2025,26.74502563,26.98666844,25.71272681,26.38739347,177600
10-03-2025,26.52271461,27.53761365,25.88477776,26.96733649,226200
11-03-2025,26.43572426,27.49895301,26.02009832,26.68703301,216200
12-03-2025,25.95243835,26.38256226,25.62477002,26.36806429,171200
13-03-2025,26.38739395,26.94800519,25.66729941,25.952438,225200
14-03-2025,26.82235146,26.99633457,26.43088945,26.7063621,195400
17-03-2025,27.02532959,27.39262767,26.58070773,26.9866677,141500
18-03-2025,27.8469162,27.92424182,26.34873155,26.95767061,279400
19-03-2025,28.3785305,28.50418394,27.692264,27.86624711,231100
20-03-2025,28.39786148,28.89081302,28.0373312,28.18521648,193100
21-03-2025,27.46995354,28.34856714,26.89001045,28.05956256,759800
24-03-2025,27.3636322,27.9339094,27.15388715,27.42162781,137800
25-03-2025,27.23797798,27.55694642,27.0060011,27.34430141,174700
26-03-2025,26.66770172,27.46028987,26.58071016,27.26697488,131000
27-03-2025,27.46028709,27.51828085,26.50821389,26.62903529,147500
28-03-2025,25.56580925,27.72126261,25.15018333,27.50861576,347400
31-03-2025,24.52191353,25.31450166,24.10628759,25.17918043,365100
01-04-2025,24.3962574,24.62823427,23.93423574,24.3962574,243000
02-04-2025,24.42525482,24.50548041,23.86947564,24.16428015,230900
03-04-2025,22.43411827,23.78248563,21.36122542,23.63266827,507000
04-04-2025,21.53520775,22.36065967,20.56863651,21.83484431,541200
07-04-2025,20.37532425,22.086156,20.18200924,20.82961213,481400
08-04-2025,20.18684006,21.48687768,20.07568459,20.95526425,479300
09-04-2025,22.11515045,22.39545701,19.91136908,20.0853522,455000
10-04-2025,21.37572479,21.68019528,20.72328988,21.68019528,284800
11-04-2025,23.02372742,23.37652571,21.30323173,21.45788299,454700
14-04-2025,21.98949623,23.37169343,21.76718528,22.95606749,261300
15-04-2025,22.12601471,22.46731543,21.92123353,21.9894933,322800
16-04-2025,23.2474308,23.53022157,22.16502047,22.17477214,242300
17-04-2025,22.9841423,23.51559582,22.70135153,23.26693494,213900
21-04-2025,23.49121666,23.6569912,22.93538494,22.93538494,366300
22-04-2025,24.01779366,24.34934273,23.29618739,23.68624644,252600
23-04-2025,24.19331932,24.80766101,24.03729645,24.34934219,203500
24-04-2025,24.43710899,24.56387876,23.94466207,24.26158277,169300
25-04-2025,24.33959198,24.57362816,23.83251854,24.1835691,142400
28-04-2025,23.74475479,24.48098763,23.64724003,24.1933201,271700
29-04-2025,23.49121666,24.09580483,22.92563327,23.72525097,331000
30-04-2025,23.75450706,23.87640006,22.89637935,23.18892365,171700
01-05-2025,23.61798668,24.18357012,23.55947856,23.81301622,176600
02-05-2025,23.62773514,24.08702855,23.25718129,23.84226798,261100
05-05-2025,23.47171402,23.91540443,23.21817638,23.6277369,324000
06-05-2025,23.54972458,23.98854007,23.23767883,23.49121647,215100
07-05-2025,23.28643417,23.60823157,22.82811724,23.60823157,320500
08-05-2025,20.19522858,22.50632036,19.26396626,21.17037244,1030100
09-05-2025,21.05335808,21.23863595,19.67352849,20.45851967,788000
12-05-2025,21.30689621,22.18452541,20.6779279,21.72620842,351200
13-05-2025,22.03825188,22.14941859,21.18012423,21.57018326,388900
14-05-2025,21.33614922,22.12601717,21.26788944,22.03825406,357200
15-05-2025,20.65354919,21.21425585,20.45364476,21.20938095,270700
16-05-2025,20.89733315,20.95584126,20.42731346,20.65354718,209100
19-05-2025,20.54628181,20.83394934,20.44389215,20.71205635,153000
20-05-2025,20.4877758,20.67305368,20.40001269,20.56578725,219500
21-05-2025,19.81492424,20.44389252,19.79542092,20.33175119,271200
22-05-2025,19.32735252,19.79542117,19.25909275,19.7759197,221100
23-05-2025,19.63939857,19.77591999,19.11282181,19.18108159,263900
27-05-2025,20.53653145,20.87783221,19.6979089,19.72716203,306500
28-05-2025,19.47362328,20.48484815,19.4053635,20.47802218,366500
29-05-2025,19.26884651,19.75641853,19.23959152,19.64915209,201800
30-05-2025,19.23958969,19.48337568,18.9080406,19.26884468,240000
02-06-2025,20.30249596,20.33175094,19.1615775,19.1615775,326500
03-06-2025,19.78567123,20.1952299,19.62964649,20.1952299,191500
04-06-2025,19.8929348,20.14549782,19.74666359,19.83442669,157900
05-06-2025,20.12697029,20.39513636,19.75641641,19.7954212,221900
06-06-2025,20.40001297,20.58529085,20.05871219,20.2634934,195700
09-06-2025,20.76081467,21.08261208,20.64867148,20.65354824,172500
10-06-2025,20.97534561,21.32639801,20.84857586,20.9265873,145000
11-06-2025,21.06310844,21.26301287,20.79981915,21.04360512,202900
12-06-2025,20.73155975,21.23863503,20.6925531,20.91683762,160800
13-06-2025,21.667696,21.94073695,20.47802115,20.48777282,357700
16-06-2025,21.0436058,22.10651283,20.9860723,21.75546042,291300
17-06-2025,20.87783241,21.31177119,20.77056598,20.98509885,166400
18-06-2025,20.77056694,21.16062604,20.72181048,20.87783338,147800
20-06-2025,20.45851707,21.05335541,20.37075398,20.92658567,646500
23-06-2025,20.2244854,20.69255405,20.02945772,20.37075662,189100
24-06-2025,20.87783241,20.89245898,20.08796631,20.31224898,184400
25-06-2025,21.00460243,21.10211534,20.57553856,20.77056624,139200
26-06-2025,21.36540031,21.38197795,20.81932031,21.12161437,111400
27-06-2025,20.63404465,21.36540257,20.62429299,21.36540257,911900
30-06-2025,21.62869263,21.84907499,20.68280183,20.7413118,314600
01-07-2025,21.91148376,22.53070039,21.37515534,21.62869299,245000
02-07-2025,22.1650219,22.54532931,21.4921739,22.08701045,198900
03-07-2025,22.27228737,22.33079548,21.84322352,22.19427593,100400
07-07-2025,21.96999168,22.34834612,21.90173005,21.9407367,130000
08-07-2025,21.75545883,22.35029718,21.72620571,22.01874812,230000
09-07-2025,22.41855812,22.51119612,21.36540278,21.81396994,458300
10-07-2025,23.32544327,23.46196283,22.45756575,22.45756575,242500
11-07-2025,23.5448494,23.60823241,22.94903643,23.14016379,182400
14-07-2025,22.99389458,23.54972634,22.30154326,23.4717149,217100
15-07-2025,21.92123795,23.17917467,21.87248149,23.17917467,177800
16-07-2025,21.9309864,22.04312773,21.51167422,21.97974472,202700
17-07-2025,22.09676361,22.20403005,21.90173406,21.90173406,127700
18-07-2025,21.4867878,22.30336436,21.34905258,22.30336436,135800
21-07-2025,21.7032299,22.13611445,21.56549468,21.56549468,129500
22-07-2025,22.44110107,22.56899968,21.75242306,21.89015829,206500
23-07-2025,22.27385139,22.71657447,22.22466078,22.53948524,143200
24-07-2025,21.52614021,22.13709724,21.43759748,22.11643696,121500
25-07-2025,21.73274612,21.75242312,21.42776017,21.48678929,116400
28-07-2025,21.49662781,21.77209826,21.3982447,21.69339215,104800
29-07-2025,21.31953812,21.69339167,21.23591182,21.64420106,153700
30-07-2025,21.06374359,21.52614177,20.82762525,21.34905443,173700
31-07-2025,20.93584442,21.58517025,20.75875522,20.95551954,192400
01-08-2025,20.23732758,21.00471356,20.22158748,20.87681496,241800
04-08-2025,20.61118317,20.67513059,20.31603384,20.31603384,169700
05-08-2025,21.40808105,21.49662566,20.69480593,20.71940123,120200
06-08-2025,21.91967392,21.93934904,21.30970014,21.41792175,121800
07-08-2025,21.82129097,22.37223376,21.52614164,22.15579242,143000
08-08-2025,21.69338989,22.54932042,21.64419928,21.9590237,204000
11-08-2025,21.55565643,21.94918699,21.2555888,21.72290715,151600
12-08-2025,22.55916023,22.65754334,21.64420055,21.64420055,172400
13-08-2025,23.25767708,23.43476629,22.40174837,22.6280282,179100
14-08-2025,22.86414528,23.02155749,22.66738095,23.00188049,152200
15-08-2025,23.06091309,23.17897131,22.60835154,23.02155909,296500
18-08-2025,23.20848846,23.25767908,22.913341,23.11010535,152800
19-08-2025,22.79527855,23.52331052,22.65754333,23.1691321,148100
20-08-2025,22.44110107,23.01172086,22.38207196,22.92317625,228500
21-08-2025,22.25417328,22.34271601,21.75242115,22.29352539,179500
22-08-2025,23.69056129,23.897166,22.44110017,22.44110017,329200
25-08-2025,23.41508865,24.47762205,23.38557504,23.59217787,286600
26-08-2025,23.05107498,23.66104688,22.89366276,23.33638394,169000
27-08-2025,22.53948402,23.06091319,22.327961,22.82479485,168300
28-08-2025,22.59851456,22.65754555,22.16563185,22.54932394,120100
29-08-2025,23.03139687,23.03139687,22.50996772,22.72641093,127500
02-09-2025,23.17897034,23.45444265,22.65754308,23.01663981,213800
03-09-2025,23.46428299,23.54594084,22.8346322,23.08058904,279200
04-09-2025,23.48395729,23.631531,23.17700292,23.41508781,211600
05-09-2025,23.45444298,24.07917354,23.26751527,23.5921782,209400
08-09-2025,24.18247414,24.19231263,23.33638209,23.55282529,318800
09-09-2025,24.05458069,24.24150654,23.55282849,24.22183142,569700
10-09-2025,23.65121078,23.79189775,21.64420206,21.65404056,825300
11-09-2025,24.60552216,24.84164049,22.70771836,22.9035013,611300
12-09-2025,26.54366112,27.66522556,24.82196328,25.01872949,913700
15-09-2025,26.66172218,27.24218048,26.05174839,27.24218048,675600
16-09-2025,27.24217987,27.54716582,26.7207507,26.91751692,441200
17-09-2025,26.11077881,27.13887659,25.83530647,27.05525217,550500
18-09-2025,26.7109108,26.7846986,25.68773138,26.18948353,363600
19-09-2025,26.39608765,26.8289722,26.13045381,26.7109121,941100
22-09-2025,26.66172218,26.73550811,25.81759849,26.46495596,321300
23-09-2025,26.60269356,27.41336674,26.45511795,26.71091329,395800
24-09-2025,26.27802849,26.90767929,25.77627817,26.76010556,376600
25-09-2025,25.36306953,26.15996916,25.13678782,26.03207055,293800
26-09-2025,26.21899796,26.5633379,25.33355373,25.54999507,392300
29-09-2025,26.34689713,26.63220608,25.92385106,26.63220608,331300
30-09-2025,25.45161438,26.38624924,25.23517116,26.20916001,252200
01-10-2025,26.1009388,26.15012941,25.37290682,25.38274345,267100
02-10-2025,26.01239586,26.15996959,25.25484834,26.15996959,248500
03-10-2025,26.25835228,26.76010445,25.82349927,25.94352783,300600
06-10-2025,25.34339142,26.69123377,25.33355292,26.69123377,271800
07-10-2025,25.16630363,25.58147965,24.99905291,25.34339286,178700
08-10-2025,26.78961563,26.81913112,25.25484564,25.36306724,447900
09-10-2025,26.82897186,28.5211542,26.69123476,27.31104703,765600
10-10-2025,26.03206825,26.69123259,25.4417734,26.68139597,485600
13-10-2025,27.05525208,27.65046717,26.12061534,26.37641068,382700
14-10-2025,27.26185226,27.40942785,26.32820079,26.4157621,386500
15-10-2025,27.49797249,28.44244575,27.32088328,27.7439293,346000
16-10-2025,29.21967316,29.30821777,27.65538751,27.65538751,799200
17-10-2025,27.02573395,29.00322695,26.96670484,28.70807953,446600
20-10-2025,28.09810829,28.10794679,27.08476733,27.15363495,272300
21-10-2025,26.68139839,27.84231308,26.15996922,27.84231308,362300
22-10-2025,26.54366112,26.71583203,26.01239533,26.29770428,230400
23-10-2025,26.88800049,27.10936201,26.57317605,26.9371911,160600
24-10-2025,27.57668114,27.59635626,26.77977964,26.90767824,181200
27-10-2025,27.3208847,28.22108571,27.08476638,27.89150447,328300
28-10-2025,27.07493019,27.86199135,27.05525319,27.11428231,205300
29-10-2025,26.68139839,27.3897534,26.44527818,27.2716933,230600
30-10-2025,26.37641144,26.65680209,26.12061609,26.45511755,177900
31-10-2025,26.15012932,26.40592464,25.86482038,26.34689553,112800
03-11-2025,25.92385101,26.45511681,25.69265099,26.04190924,173100
04-11-2025,24.33004761,25.57950867,24.1726354,25.57950867,315800
05-11-2025,24.43827248,24.74325844,23.72991743,24.56616921,507700
06-11-2025,24.58584595,24.88099529,23.72007868,24.69406756,412600
07-11-2025,24.8809948,26.43544195,22.62802925,23.90700406,565200
10-11-2025,26.67155838,27.03557343,25.48112639,25.6287001,353700
11-11-2025,25.58934975,26.47479399,24.99118291,26.47479399,288400
12-11-2025,25.86482048,26.07142331,25.50572187,25.66805427,260100
13-11-2025,25.01872826,26.15996776,24.87115454,25.74676022,492400
14-11-2025,24.83180046,24.98921268,24.10376849,24.44810842,486500
17-11-2025,24.96953773,25.53032091,24.49730105,24.82196401,384400
18-11-2025,25.20565796,25.30403919,24.37924282,24.68422878,320100
19-11-2025,25.50312614,26.07823546,24.82886155,25.49321024,616500
20-11-2025,25.64194679,27.07971913,25.59236726,25.74110207,541200
21-11-2025,26.21705627,26.87149095,25.26812505,25.58245152,307100
24-11-2025,25.82042885,26.25671736,25.61219861,26.21705563,242900
25-11-2025,26.34596062,26.37570834,25.8105149,26.04849098,181700
26-11-2025,27.04005814,27.13921531,26.27655037,26.34595982,195600
28-11-2025,28.46791458,28.50757821,26.99047858,27.20862474,258800
01-12-2025,29.00336266,29.22150692,28.25968669,28.38858969,383200
02-12-2025,29.52889442,29.94535304,28.58690411,29.8759417,223900
03-12-2025,31.11540031,32.22595721,29.52889316,29.89577223,361400
04-12-2025,30.50062943,30.78818314,30.04649114,30.7386055,277700
05-12-2025,30.62953377,31.3186732,30.48575785,30.60970385,303300
08-12-2025,30.07425499,31.16696213,29.6776282,30.83776274,403900
09-12-2025,30.81793022,31.2046411,29.89577177,30.14366375,398500
10-12-2025,31.10548592,31.34346199,30.30231455,30.75843677,498200
11-12-2025,31.11540031,31.75000507,30.51054517,30.51054517,523800
12-12-2025,31.45253372,32.16646194,30.76835322,31.73017342,963200
15-12-2025,31.48228264,32.22595861,30.39155751,32.12680332,887300
16-12-2025,31.88882446,32.3548626,31.17489623,31.48228176,818900
17-12-2025,32.42427063,32.48376228,31.03607408,32.28545173,786700
18-12-2025,32.35486221,33.37617596,32.267603,32.72174128,864900
19-12-2025,32.88039017,34.12976401,32.30528277,32.37469222,1277500
22-12-2025,33.44558716,33.85212987,32.92005734,33.04896224,1109800
23-12-2025,33.45550156,34.41731982,33.41583793,33.41583793,1242000
24-12-2025,34.4966507,34.86352979,33.11837182,33.56457438,632900
26-12-2025,34.29833603,35.40889109,33.4753328,35.20066273,519400
29-12-2025,33.13819885,33.76586457,32.48376416,33.46541809,543700
30-12-2025,33.16794586,33.60423436,32.86055846,33.48524728,478900
31-12-2025,33.76288605,34.07027346,33.2671021,33.85212731,401800
